ts,rss_kb,fds,threads,disk_kb
1780914864,4280,10,5,0
1780914924,59804,10,7,9984
1780914984,70240,11,7,9984
1780915044,68368,10,7,9984
1780915104,72352,11,7,9984
1780915164,80252,10,7,9984
1780915224,79388,10,7,9984
1780915284,71408,11,7,9984
1780915344,68924,10,7,9984
1780915404,72132,11,7,9984
1780915464,68888,10,7,9984
1780915524,69656,10,7,9984
1780915584,74068,11,7,9984
1780915644,75612,10,7,9984
1780915704,78800,10,7,9984
1780915764,76952,11,7,9984
1780915824,78056,10,7,9984
1780915884,79628,11,8,11700
1780915944,81316,10,8,9984
1780916004,78280,11,8,9984
1780916064,72168,10,8,9984
1780916124,74184,11,8,9984
1780916184,79500,10,8,9984
1780916244,75064,11,8,9984
1780916304,78796,10,8,9984
1780916364,76964,10,8,9984
1780916424,78108,11,8,9984
1780916484,76956,10,8,9984
1780916544,77384,11,8,9984
1780916604,77628,10,8,9984
1780916664,77628,10,8,9984
1780916724,77284,10,8,9984
1780916784,76516,10,8,9984
1780916844,72824,11,8,9984
1780916904,72824,10,8,9984
1780916964,72600,10,8,9984
1780917024,74812,10,8,9984
1780917084,72588,11,8,9984
1780917144,80496,10,8,9984
1780917204,77700,11,8,10668
1780917264,74512,10,8,9984
1780917324,77288,12,8,9984
1780917384,75344,10,8,9984
1780917444,73324,10,8,9984
1780917504,76000,10,8,9984
1780917564,74964,10,8,9984
1780917624,73088,11,8,9984
1780917685,72060,10,8,9984
1780917745,74568,11,8,9984
1780917805,71944,10,8,9984
1780917865,77048,11,8,9984
1780917925,76760,10,8,9984
1780917985,79932,11,8,9984
1780918045,72036,10,8,9984
1780918105,74956,11,8,9984
1780918165,74960,10,8,9984
1780918225,73256,12,8,9984
1780918285,75100,10,8,9984
1780918345,77496,10,8,9984
1780918405,78448,10,8,9984
1780918465,76492,10,8,9984
1780918525,74984,10,8,9984
1780918585,73976,10,8,9984
1780918645,77152,11,8,9984
1780918705,74992,10,8,9984
1780918765,77364,11,8,9984
1780918825,79892,10,8,9984
1780918885,74236,11,8,9984
1780918945,72888,10,8,9984
1780919005,71284,10,8,9984
1780919065,73080,10,8,9984
1780919125,79096,10,8,9984
1780919185,77100,11,8,9984
1780919245,79276,10,8,9984
1780919305,76552,10,8,9984
1780919365,75760,10,8,9984
1780919425,75924,10,8,9984
1780919485,75628,10,8,9984
1780919545,77216,10,8,9984
1780919605,73428,10,8,9984
1780919665,74600,10,8,9984
1780919725,75764,10,8,9984
1780919785,74580,11,8,9984
1780919845,73972,10,8,9984
1780919905,73936,11,8,9984
1780919965,72384,10,8,9984
1780920025,73508,11,8,9984
1780920085,73920,10,8,9984
1780920145,74084,10,8,9984
1780920205,75248,10,8,9984
1780920265,74148,10,8,9984
1780920325,74148,11,8,9984
1780920385,76772,10,8,9984
1780920445,78148,11,8,9984
1780920505,74636,10,8,9984
1780920565,74880,11,8,9984
1780920625,74996,10,8,9984
1780920685,78760,10,8,9984
1780920745,73020,10,8,9984
1780920805,75676,10,8,9984
1780920865,72704,10,8,9984
1780920925,72876,10,8,9984
1780920985,73356,11,8,9984
1780921045,71452,10,8,9984
1780921105,78652,11,8,9984
1780921165,73292,10,8,9984
1780921225,81364,12,8,9984
1780921285,74772,10,8,9984
1780921345,76184,10,8,9984
1780921405,76184,11,8,9984
1780921465,73804,10,8,9984
1780921525,75264,11,8,9984
1780921585,75504,10,8,9984
1780921645,74464,11,8,9984
1780921705,78772,10,8,9984
1780921765,72928,11,8,9988
1780921825,72564,10,8,9984
1780921885,75116,11,8,9984
1780921945,76640,10,8,9984
1780922005,79876,11,8,9984
1780922065,79176,10,8,9984
1780922125,74476,10,8,9984
1780922185,76360,10,8,9984
1780922246,74456,10,8,9984
1780922306,72372,11,8,9984
1780922366,73336,10,8,9984
1780922426,70760,11,8,9984
1780922486,74108,10,8,9984
1780922546,73456,10,8,9984
1780922606,74136,10,8,9984
1780922666,77600,10,8,9984
1780922726,76768,11,8,9984
1780922786,72848,10,8,9984
1780922846,74344,11,8,9984
1780922906,74344,11,8,9984
1780922966,73744,10,8,9984
1780923026,71716,11,8,9984
1780923086,74152,10,8,9984
1780923146,72552,11,8,9984
1780923206,78496,10,8,9984
1780923266,73828,11,8,9984
1780923326,68380,10,8,9984
1780923386,72912,10,8,9984
1780923446,72136,10,8,9984
1780923506,70952,10,8,9984
1780923566,71496,11,8,9984
1780923626,73208,10,8,9984
1780923686,76576,11,8,11032
1780923746,75564,10,8,9984
1780923806,75208,11,8,9984
1780923866,78432,11,8,9984
1780923926,76428,10,8,9984
1780923986,74008,11,8,11284
1780924046,75324,10,8,9984
1780924106,76444,11,8,9984
1780924166,78468,10,8,9984
1780924226,73992,11,8,9984
1780924286,72940,10,8,9984
1780924346,77204,10,8,9984
1780924406,71388,11,8,9984
1780924466,73328,10,8,9984
1780924526,74276,11,8,9984
1780924586,76184,10,8,9984
1780924646,79608,11,8,9984
1780924706,79612,10,8,9984
1780924766,80092,10,8,9984
1780924826,80092,10,8,9984
1780924886,82172,10,8,9984
1780924946,76708,11,8,9984
1780925006,76708,10,8,9984
1780925066,73864,11,8,9984
1780925126,73924,10,8,9984
1780925186,76492,11,8,9984
1780925246,71768,10,8,9984
1780925306,72552,10,8,9984
1780925366,73432,11,8,9984
1780925426,73432,10,8,9984
1780925486,69228,11,8,11508
1780925546,72612,10,8,9984
1780925606,70276,12,8,9984
1780925666,71960,10,8,9984
1780925726,72748,11,8,9984
1780925786,71312,10,8,9984
1780925846,71836,10,8,9984
1780925906,71836,11,8,9984
1780925966,71672,10,8,9984
1780926026,70024,11,8,9984
1780926086,73528,10,8,9984
1780926146,71184,11,8,9984
1780926206,66992,10,8,9984
1780926266,72796,10,8,9984
1780926326,70744,11,8,9984
1780926386,78768,10,8,9984
1780926446,75356,11,8,11344
1780926506,71048,10,8,9984
1780926566,69556,11,8,9984
1780926626,71936,10,8,9984
1780926686,73044,11,8,9984
1780926746,72948,10,8,9984
1780926807,72272,11,8,10048
1780926867,75848,10,8,9984
1780926927,72564,11,8,9984
1780926987,71588,10,8,9984
1780927047,73396,11,8,9984
1780927107,75424,10,9,9984
1780927167,76996,11,9,9984
1780927227,75076,10,9,9984
1780927287,79188,10,9,9984
1780927347,75740,10,9,9984
1780927407,69440,11,9,10916
1780927467,73112,10,9,9984
1780927527,75592,11,9,9984
1780927587,74184,10,9,9984
1780927647,75772,11,9,9984
1780927707,70456,11,9,9984
1780927767,71000,10,9,9984
1780927827,74072,11,9,10204
1780927887,72396,10,9,9984
1780927947,69188,12,9,9984
1780928007,70512,10,9,9984
1780928067,67496,10,9,9984
1780928127,73444,11,9,9984
1780928187,75544,10,9,9984
1780928247,75296,11,9,9984
1780928307,75836,10,9,9984
1780928367,74860,11,9,9984
1780928427,76992,11,9,9984
1780928487,70356,10,9,9984
1780928547,77908,11,9,9984
1780928607,79572,10,9,9984
1780928667,78340,12,9,9984
1780928727,78340,10,9,9984
1780928787,79540,10,9,9984
1780928847,71928,11,9,9984
1780928907,76924,10,9,9984
1780928967,72504,11,9,9984
1780929027,72232,10,9,9984
1780929087,71064,11,9,9984
1780929147,72312,10,9,9984
1780929207,73052,10,9,9984
1780929267,74472,10,9,9984
1780929327,74748,10,9,9984
1780929387,74688,11,9,9984
1780929447,70900,10,9,9984
1780929507,72252,11,9,9984
1780929567,71128,10,9,9984
1780929627,74140,10,9,9984
1780929687,71144,10,9,9984
1780929747,73100,10,9,9984
1780929807,74960,10,9,9984
1780929867,75264,10,9,9984
1780929927,77556,11,9,9984
1780929987,75132,10,9,9984
1780930047,72196,11,9,9984
1780930107,73892,10,9,9984
1780930167,74136,11,9,9984
1780930227,74940,10,9,9984
1780930287,76352,11,9,9984
1780930347,72020,10,9,9984
1780930407,73492,10,9,9984
1780930467,73492,11,9,9984
1780930527,73492,10,9,9984
1780930587,74040,11,9,9984
1780930647,78352,10,9,9984
1780930707,78524,11,9,10012
1780930767,78300,10,9,9984
1780930827,81520,11,9,9984
1780930887,77648,10,9,9984
1780930947,84212,10,9,9984
1780931007,76456,11,9,9984
1780931067,77772,10,9,9984
1780931127,80200,11,9,9984
1780931187,80200,10,9,9984
1780931247,80200,11,9,10644
1780931307,80612,10,9,9984
1780931368,73736,11,9,9984
1780931428,76936,10,9,9984
1780931488,77764,11,9,9984
1780931548,72036,10,9,9984
1780931608,73268,11,9,9984
1780931668,79100,10,9,9984
1780931728,74616,11,9,9984
1780931788,71504,10,9,9984
1780931848,78292,11,9,9984
1780931908,71736,10,9,9984
1780931968,73616,11,9,9984
1780932028,75104,10,9,9984
1780932088,76120,10,9,9984
1780932148,73396,11,9,9984
1780932208,77148,10,9,9984
1780932268,78144,10,9,9984
1780932328,74700,10,9,9984
1780932388,74880,10,9,9984
1780932448,73924,10,9,9984
1780932508,74884,10,9,9984
1780932568,72936,10,9,9984
1780932628,77520,11,9,9984
1780932688,74848,10,9,9984
1780932748,71864,11,9,9984
1780932808,70820,10,9,9984
1780932868,73404,11,9,9984
1780932928,74032,10,9,9984
1780932988,78904,10,9,9984
1780933048,75840,11,9,9984
1780933108,75108,10,9,9984
1780933168,75192,11,9,9984
1780933228,74264,10,9,9984
1780933288,70356,11,9,9984
1780933348,70588,10,9,9984
1780933408,73724,10,9,9984
1780933468,69940,11,9,9984
1780933528,70640,10,9,9984
1780933588,74612,11,9,9984
1780933648,75112,10,9,9984
1780933708,70656,11,9,9984
1780933768,73940,10,9,9984
1780933828,74700,10,9,9984
1780933888,77392,11,9,9984
1780933948,76128,10,9,9984
1780934008,75488,11,9,9984
1780934068,76112,10,9,9984
1780934128,73956,12,9,9984
1780934188,70588,10,9,9984
1780934248,73808,10,9,9984
1780934308,70772,11,9,9984
1780934368,70772,10,9,9984
1780934428,73568,10,9,9984
1780934488,75180,10,9,9984
1780934548,73232,11,9,9984
1780934608,71504,10,9,9984
1780934668,71168,11,9,9984
1780934728,73268,10,9,9984
1780934788,73588,10,9,9984
1780934848,78888,11,9,9984
1780934908,75584,10,9,9984
1780934968,73832,10,9,9984
1780935028,76560,10,9,9984
1780935088,75120,10,9,9984
1780935148,76948,11,9,9984
1780935208,76948,10,9,9984
1780935268,76948,11,9,9984
1780935328,73436,10,9,9984
1780935388,76944,11,9,9984
1780935448,74336,10,9,9984
1780935508,77704,10,9,9984
1780935568,76516,10,9,9984
1780935628,68892,10,9,9984
1780935688,70752,11,9,9984
1780935748,73580,10,9,9984
1780935808,76064,11,9,9984
1780935868,73752,10,9,9984
1780935929,73752,11,9,9984
1780935989,74504,10,9,9984
1780936049,74636,11,9,9984
1780936109,76288,10,9,9984
1780936169,74840,11,9,9984
1780936229,75428,10,9,9984
1780936289,70916,11,9,9984
1780936349,72836,10,9,9984
1780936409,70172,11,9,9984
1780936469,69972,10,9,9984
1780936529,72760,10,9,9984
1780936589,73608,11,9,9984
1780936649,73676,10,9,9984
1780936709,75068,11,9,9984
1780936769,71364,10,9,9984
1780936829,73224,11,9,9984
1780936889,76576,10,9,9984
1780936949,75564,10,9,9984
1780937009,79360,11,9,9984
1780937069,75068,10,9,9984
1780937129,79968,11,9,9984
1780937189,80788,10,9,9984
1780937249,76704,12,9,9984
1780937309,77728,10,9,9984
1780937369,75308,10,9,9984
1780937429,75820,10,9,9984
1780937489,75976,10,9,9984
1780937549,76552,11,9,9984
1780937609,77160,10,9,9984
1780937669,72452,11,9,9984
1780937729,70872,10,9,9984
1780937789,72644,11,9,9984
1780937849,72612,11,9,9984
1780937909,75232,10,9,9984
1780937969,76976,11,9,9984
1780938029,74836,10,9,9984
1780938089,76228,11,9,10948
1780938149,76228,10,9,9984
1780938209,73848,12,9,9984
1780938269,75884,10,9,9984
1780938329,73620,10,9,9984
1780938389,69728,11,9,9984
1780938449,73656,10,9,9984
1780938509,73912,11,9,9984
1780938569,77148,10,9,9984
1780938629,71884,10,9,9984
1780938689,75436,10,9,9984
1780938749,76108,10,9,9984
1780938809,78384,11,9,9984
1780938869,76956,10,9,9984
1780938929,71316,11,9,9984
1780938989,74100,10,9,9984
1780939049,74300,12,9,9984
1780939109,73448,10,9,9984
1780939169,75376,10,9,9984
1780939229,74996,11,9,9984
1780939289,75532,10,9,9988
1780939349,74760,11,9,11008
1780939409,73756,10,9,9984
1780939469,70780,11,9,9984
1780939529,70776,10,9,9984
1780939589,72584,10,9,9984
1780939649,69764,10,9,9984
1780939709,72964,10,9,9984
1780939769,72964,11,9,9984
1780939829,73044,10,9,9984
1780939889,70124,11,9,9984
1780939949,75512,10,9,9984
1780940009,70532,10,9,9984
1780940069,71964,11,9,9984
1780940129,71964,10,9,9984
1780940189,72396,11,9,9984
1780940249,76300,10,9,9984
1780940309,75900,11,9,9984
1780940369,74880,11,9,9984
1780940429,74164,10,9,9984
1780940490,76824,11,9,10980
1780940550,75032,10,9,9984
1780940610,72220,11,9,9984
1780940670,74160,11,9,9984
1780940730,68384,10,9,9984
1780940790,74452,11,9,9984
1780940850,70104,10,9,9984
1780940910,71104,11,9,9984
1780940970,73932,10,9,9984
1780941030,77164,11,9,9984
1780941090,71604,11,9,9984
1780941150,71688,10,9,9984
1780941210,72792,11,9,9984
1780941270,72792,10,9,9984
1780941330,74844,11,9,9984
1780941390,74392,10,9,9984
1780941450,75068,10,9,9984
1780941510,68396,11,9,9984
1780941570,72916,10,9,9984
1780941630,72556,11,9,9984
1780941690,75932,10,9,9984
1780941750,72728,10,9,9984
1780941810,70636,10,9,9984
1780941870,80160,10,9,9984
1780941930,73796,11,9,9984
1780941990,75656,10,9,9984
1780942050,72088,11,9,9984
1780942110,68108,10,9,9984
1780942170,73848,11,9,9984
1780942230,72292,10,9,9984
1780942290,71160,10,9,9984
1780942350,71460,11,9,10904
1780942410,71552,10,9,9984
1780942470,74212,11,9,9984
1780942530,72184,10,9,9984
1780942590,74980,11,9,9984
1780942650,77356,11,9,9984
1780942710,72488,10,9,9984
1780942770,76552,11,9,9984
1780942830,73416,10,9,9984
1780942890,74120,10,9,9984
1780942950,74452,11,9,9984
1780943010,73680,10,9,9984
1780943070,72232,11,9,9984
1780943130,75436,10,9,9984
1780943190,79188,12,9,9984
1780943250,76124,11,9,9984
1780943310,72444,10,9,9984
1780943370,78264,11,9,9984
1780943430,77364,10,9,9984
1780943490,74272,10,9,9984
1780943550,76228,10,9,9984
1780943610,77028,10,9,9984
1780943670,75476,11,9,9984
1780943730,76452,10,9,9984
1780943790,78316,10,9,9984
1780943850,77320,11,9,9984
1780943910,75416,10,9,9984
1780943970,75416,11,9,9984
1780944030,76856,10,9,9984
1780944090,76856,10,9,9984
1780944150,76856,11,9,9984
1780944210,77576,10,9,9984
1780944270,71980,12,9,9984
1780944330,73380,10,9,9984
1780944390,71880,10,9,9984
1780944450,71280,11,9,9984
1780944510,71008,10,9,9984
1780944570,68124,11,9,9984
1780944630,73288,10,9,9984
1780944690,70096,10,9,9984
1780944750,74588,11,9,9984
1780944810,71896,10,9,9984
1780944870,71896,11,9,9984
1780944930,76352,10,9,9984
1780944991,73316,10,9,9984
1780945051,73380,11,9,9984
1780945111,70500,10,9,9984
1780945171,73984,11,9,9984
1780945231,74136,10,9,9984
1780945291,75180,10,9,9984
1780945351,76588,11,9,9984
1780945411,74896,10,9,9984
1780945471,74756,12,9,9984
1780945531,74224,10,9,9984
1780945591,73292,10,9,9984
1780945651,74116,11,9,9984
1780945711,75844,10,9,9984
1780945771,71560,11,9,9984
1780945831,73064,10,9,9984
1780945891,68960,10,9,9984
1780945951,70920,11,9,9984
1780946011,70076,10,9,9984
1780946071,73652,10,9,9984
1780946131,74780,10,9,9984
1780946191,79720,10,9,9984
1780946251,70016,11,9,9984
1780946311,72376,10,9,9984
1780946371,73192,10,9,9984
1780946431,77572,10,9,9984
1780946491,72940,10,9,9984
1780946551,75500,11,9,9984
1780946611,70820,10,9,9984
1780946671,71956,10,9,9984
1780946731,69884,10,9,9984
1780946791,69884,10,9,9984
1780946851,72036,11,9,10984
1780946911,72468,10,9,9984
1780946971,69780,12,9,9984
1780947031,73804,10,9,9984
1780947091,72496,10,9,9984
1780947151,74352,11,9,9984
1780947211,75848,10,9,9984
1780947271,73224,11,9,9984
1780947331,72872,10,9,9984
1780947391,74400,10,9,9984
1780947451,73196,11,9,9984
1780947511,76716,10,9,9984
1780947571,75816,11,9,9984
1780947631,73664,10,9,9984
1780947691,75220,10,9,9984
1780947751,70792,11,9,9984
1780947811,74156,10,9,9984
1780947871,72052,11,9,9984
1780947931,73380,10,9,9984
1780947991,73808,10,9,9984
1780948051,78696,11,9,9984
1780948111,70904,10,9,9984
1780948171,71868,11,9,9984
1780948231,72428,10,9,9984
1780948291,73912,10,9,9984
1780948351,70540,11,9,9984
1780948411,75676,10,9,9984
1780948471,75820,11,9,9984
1780948531,71932,10,9,9984
1780948591,70320,10,9,9984
1780948651,73128,11,9,9984
1780948711,75732,10,9,9984
1780948771,73204,12,9,9984
1780948831,75264,11,9,9984
1780948891,75264,10,9,9984
1780948951,72544,11,9,9984
1780949011,72300,10,9,9984
1780949071,72536,12,9,9984
1780949131,75688,11,9,9984
1780949191,75896,10,9,9984
1780949251,72808,11,9,9984
1780949311,68884,10,9,9984
1780949371,72764,10,9,9984
1780949431,70440,11,9,9984
1780949491,73284,10,9,9984
1780949551,74964,11,9,9984
1780949612,75256,10,9,9984
1780949672,74100,10,9,9984
1780949732,74212,10,9,9984
1780949792,70968,10,9,9984
1780949852,74656,10,9,9984
1780949912,72952,10,9,9984
1780949972,73412,11,9,11312
1780950032,70700,10,9,9984
1780950092,75948,12,9,9984
1780950152,73600,10,9,9984
1780950212,75092,10,9,9984
1780950272,73824,11,9,9984
1780950332,72400,10,9,9984
1780950392,74052,11,9,10752
1780950452,75692,10,9,9984
1780950512,70532,10,9,9984
1780950572,75064,10,9,9984
1780950632,75832,10,9,9984
1780950692,71108,11,9,9984
1780950752,71732,10,9,9984
1780950812,73300,11,9,9984
1780950872,74552,10,9,9984
1780950932,70624,10,9,9984
1780950992,73188,10,9,9984
1780951052,73196,10,9,9984
1780951112,69472,11,9,9984
1780951172,69472,10,9,9984
1780951232,71332,11,9,9984
1780951292,73356,10,9,9984
1780951352,73644,10,9,9984
1780951412,72204,10,9,9984
1780951472,68756,10,9,9984
1780951532,72680,11,9,9984
1780951592,72840,10,9,9984
1780951652,74672,11,9,9984
1780951712,74588,10,9,9984
1780951772,70012,10,9,9984
1780951832,74236,11,9,9984
1780951892,70552,10,9,9984
1780951952,72248,12,9,9984
1780952012,70680,10,9,9984
1780952072,74236,10,9,9984
1780952132,71256,11,9,9984
1780952192,74192,10,9,9984
1780952252,73788,10,9,9984
1780952312,74444,11,9,9984
1780952372,73532,10,9,9984
1780952432,72564,10,9,9984
1780952492,74876,10,9,9984
1780952552,74012,10,9,9984
1780952612,76672,11,9,9984
1780952672,74400,10,9,9984
1780952732,73624,12,9,9984
1780952792,76436,10,9,9984
1780952852,71308,10,9,9984
1780952912,70896,11,9,9984
1780952972,70808,10,9,9984
1780953032,72828,11,9,9984
1780953092,73964,10,9,9984
1780953152,69964,12,9,9984
1780953212,75848,10,9,9984
1780953272,74892,10,9,9984
1780953332,74252,11,9,9984
1780953392,74252,10,9,9984
1780953452,74680,11,9,9984
1780953512,73356,10,9,9984
1780953572,75852,10,9,9984
1780953632,71952,11,9,9984
1780953692,74020,10,9,9984
1780953752,76176,11,9,9984
1780953812,72928,10,9,9984
1780953872,73056,10,9,9984
1780953932,72740,10,9,9984
1780953992,76140,10,9,9984
1780954052,73728,11,9,9984
1780954113,70944,10,9,9984
1780954173,73100,10,9,9984
1780954233,73932,11,9,9984
1780954293,69556,10,9,9984
1780954353,75488,12,9,9984
1780954413,76124,10,9,9984
1780954473,74108,10,9,9984
1780954533,71916,11,9,9984
1780954593,72728,10,9,9984
1780954653,75180,11,9,9984
1780954713,71900,10,9,9984
1780954773,74464,11,9,9984
1780954833,71508,10,9,9984
1780954893,75764,11,9,9984
1780954953,73040,10,9,9984
1780955013,72784,10,9,9984
1780955073,71848,11,9,9984
1780955133,71836,10,9,9984
1780955193,70260,11,9,9984
1780955253,73092,10,9,9984
1780955313,72560,11,9,9984
1780955373,72712,10,9,9984
1780955433,72940,10,9,9984
1780955493,73772,11,9,9984
1780955553,73740,10,9,9984
1780955613,70244,11,9,9984
1780955673,71164,10,9,9984
1780955733,78532,11,9,10776
1780955793,71272,10,9,9984
1780955853,71764,11,9,9984
1780955913,74620,10,9,9984
1780955973,72148,11,9,9984
1780956033,70232,10,9,9984
1780956093,74736,10,9,9984
1780956153,74748,10,9,9984
1780956213,74748,10,9,9984
1780956273,74824,11,9,10036
1780956333,77756,10,9,9984
1780956393,77756,11,9,9984
1780956453,76508,10,9,9984
1780956513,76892,11,9,9984
1780956573,76260,10,9,9984
1780956633,76676,11,9,9984
1780956693,72996,10,9,9984
1780956753,75928,12,9,9984
1780956813,72528,10,9,9984
1780956873,74008,12,9,9984
1780956933,74120,10,9,9984
1780956993,69840,10,9,9984
1780957053,73848,11,9,9984
1780957113,77564,10,9,9984
1780957173,74248,11,9,9984
1780957233,73152,10,9,9984
1780957293,75352,11,9,9984
1780957353,74808,10,9,9984
1780957413,75384,11,9,9984
1780957473,76596,10,9,9984
1780957533,74616,10,9,9984
1780957593,74956,10,9,9984
1780957653,75216,10,9,9984
1780957713,75552,11,9,9984
1780957773,70948,10,9,9984
1780957833,75436,11,9,9984
1780957893,72332,10,9,9984
1780957953,73088,12,9,9984
1780958013,73696,10,9,9984
1780958073,77688,10,9,9984
1780958133,72204,11,9,9984
1780958193,73168,10,9,9984
1780958253,73308,11,9,9984
1780958313,73308,10,9,9984
1780958373,73452,11,9,9984
1780958433,75116,10,9,9984
1780958493,74184,11,9,9984
1780958553,72744,10,9,9984
1780958613,73712,10,9,9984
1780958674,73892,11,9,9984
1780958734,75120,10,9,9984
1780958794,75136,11,9,9984
1780958854,73904,10,9,9984
1780958914,72320,11,9,9984
1780958974,71664,10,9,9984
1780959034,76156,12,9,9984
1780959094,71680,10,9,9984
1780959154,74040,10,9,9984
1780959214,75028,10,9,9984
1780959274,75876,10,9,9984
1780959334,74724,11,9,9984
1780959394,74420,10,9,9984
1780959454,74420,11,9,11220
1780959514,75380,10,9,9984
1780959574,75380,11,9,9984
1780959634,71192,10,9,9984
1780959694,72268,11,9,9984
1780959754,71424,10,9,9984
1780959814,71412,10,9,9984
1780959874,72072,11,9,9984
1780959934,75240,10,9,9984
1780959994,75676,11,9,11104
1780960054,70000,10,9,9984
1780960114,70388,11,9,9984
1780960174,68636,10,9,9984
1780960234,73116,10,9,9984
1780960294,72604,10,9,9984
1780960354,76116,10,9,9984
1780960414,75412,11,9,9984
1780960474,77236,10,9,9984
1780960534,74896,11,9,9984
1780960594,71596,10,9,9984
1780960654,68452,11,9,9984
1780960714,74624,10,9,9984
1780960774,74048,10,9,9984
1780960834,71836,11,9,9984
1780960894,75564,10,9,9984
1780960954,76188,11,9,9984
1780961014,74640,10,9,9984
1780961074,71788,11,9,9984
1780961134,75696,10,9,9984
1780961194,71212,11,9,9984
1780961254,73708,10,9,9984
1780961314,71720,11,9,9984
1780961374,70896,10,9,9984
1780961434,71032,10,9,9984
1780961494,72708,11,9,9984
1780961554,74264,10,9,9984
1780961614,71532,11,9,9984
1780961674,71552,10,9,9984
1780961734,74892,12,9,9984
1780961794,70672,10,9,9984
1780961854,73324,10,9,9984
1780961914,74672,10,9,9984
1780961974,76180,10,9,9984
1780962034,75188,11,9,9984
1780962094,71724,10,9,9984
1780962154,78988,11,9,11068
1780962214,72168,10,9,9984
1780962274,70716,12,9,9984
1780962334,72556,10,9,9984
1780962394,72328,10,9,9984
1780962454,72200,10,9,9984
1780962514,75168,10,9,9984
1780962574,71728,11,9,9984
1780962634,72336,10,9,9984
1780962694,72336,11,9,9984
1780962754,73760,10,9,9984
1780962814,70944,11,9,9984
1780962874,73172,10,9,9984
1780962934,73836,12,9,9984
1780962994,73492,10,9,9984
1780963054,75024,10,9,9984
1780963114,70628,11,9,9984
1780963174,74096,10,9,9984
1780963234,75024,11,9,9984
1780963295,75892,10,9,9984
1780963355,74860,12,9,9984
1780963415,72732,10,9,9984
1780963475,69076,10,9,9984
1780963535,74780,10,9,9984
1780963595,71532,10,9,9984
1780963655,75600,11,9,9984
1780963715,79432,10,9,9984
1780963775,71464,10,9,9984
1780963835,71608,11,9,9984
1780963895,71676,10,9,9984
1780963955,74224,11,9,9984
1780964015,73096,10,9,9984
1780964075,69724,10,9,9984
1780964135,69728,11,9,9984
1780964195,74452,10,9,9984
1780964255,69804,11,9,9984
1780964315,73884,10,9,9984
1780964375,72548,10,9,9984
1780964435,74632,11,9,10048
1780964495,70964,10,9,9984
1780964555,74972,11,9,9984
1780964615,69104,10,9,9984
1780964675,71080,10,9,9984
1780964735,75856,10,9,9984
1780964795,74692,10,9,9984
1780964855,74884,11,9,9984
1780964915,74084,10,9,9984
1780964975,76888,11,9,9984
1780965035,74596,10,9,9984
1780965095,77272,10,9,9984
1780965155,72328,10,9,9984
1780965215,71852,10,9,9984
1780965275,76952,11,9,9984
1780965335,75012,10,9,9984
1780965395,73196,12,9,9984
1780965455,68688,11,9,9984
1780965515,73856,10,9,9984
1780965575,74216,11,9,9984
1780965635,71728,10,9,9984
1780965695,74356,10,9,9984
1780965755,75624,10,9,9984
1780965815,72808,10,9,9984
1780965875,78688,11,9,9984
1780965935,70468,10,9,9984
1780965995,72276,11,9,9984
1780966055,73784,10,9,9984
1780966115,73672,11,9,9984
1780966175,71904,10,9,9984
1780966235,73972,10,9,9984
1780966295,73256,10,9,9984
1780966355,72224,10,9,9984
1780966415,71176,10,9,9984
1780966475,74608,10,9,9984
1780966535,76068,11,9,9984
1780966595,80416,10,9,9984
1780966655,80416,11,9,9984
1780966715,80416,10,9,9984
1780966775,75420,11,9,9984
1780966835,76572,10,9,9984
1780966895,72004,11,9,9984
1780966955,74404,10,9,9984
1780967015,75208,11,9,9984
1780967075,75656,10,9,9984
1780967135,76200,10,9,9984
1780967195,70888,10,9,9984
1780967255,72128,11,9,9984
1780967315,74656,10,9,9984
1780967375,74560,11,9,9984
1780967435,68016,10,9,9984
1780967495,74796,10,9,9984
1780967555,70948,10,9,9984
1780967615,70948,10,9,9984
1780967675,74268,10,9,9984
1780967735,71104,11,9,9984
1780967796,73692,10,9,9984
1780967856,73400,11,9,9984
1780967916,73592,10,9,9984
1780967976,74452,11,9,9984
1780968036,74468,10,9,9984
1780968096,70664,10,9,9984
1780968156,69732,11,9,9984
1780968216,75932,10,9,9984
1780968276,70232,11,9,9984
1780968336,71868,10,9,9984
1780968396,71760,10,9,9984
1780968456,73072,11,9,9984
1780968516,74412,10,9,9984
1780968576,70600,10,9,9984
1780968636,71980,10,9,9984
1780968696,72740,10,9,9984
1780968756,75256,11,9,9984
1780968816,71428,10,9,9984
1780968876,73084,11,9,9984
1780968936,73472,10,9,9984
1780968996,72204,11,9,9984
1780969056,71868,10,9,9984
1780969116,73008,11,9,9984
1780969176,74848,10,9,9984
1780969236,81760,11,9,9984
1780969296,75920,10,9,9984
1780969356,75484,11,9,9984
1780969416,75836,11,9,9984
1780969476,75836,10,9,9984
1780969536,79396,11,9,9984
1780969596,73980,10,9,9984
1780969656,74624,11,9,9984
1780969716,74624,10,9,9984
1780969776,74624,11,9,9984
1780969836,74668,10,9,9984
1780969896,75212,11,9,9984
1780969956,75212,10,9,9984
1780970016,75820,10,9,9984
1780970076,74356,10,9,9984
1780970136,76188,10,9,9984
1780970196,76188,11,9,11364
1780970256,71728,10,9,9984
1780970316,75892,11,9,9984
1780970376,75364,10,9,9984
1780970436,76144,11,9,9984
1780970496,74896,10,9,9984
1780970556,75344,11,9,9984
1780970616,75344,10,9,9984
1780970676,71760,12,9,9984
1780970736,75748,10,9,9984
1780970796,76644,10,9,9984
1780970856,77304,11,9,9984
1780970916,76728,10,9,9984
1780970976,78260,11,9,9984
1780971036,77652,10,9,9984
1780971096,73796,11,9,9984
1780971156,69848,10,9,9984
1780971216,72908,10,9,9984
1780971276,69992,11,9,9984
1780971336,71816,10,9,9984
1780971396,72108,11,9,9984
1780971456,72712,10,9,9984
1780971516,69928,11,9,9984
1780971576,71964,10,9,9984
1780971636,72624,11,9,11868
1780971696,72640,10,9,9984
1780971756,73740,12,9,9984
1780971816,76108,10,9,9984
1780971876,70420,10,9,9984
1780971936,76780,11,9,9984
1780971996,74932,10,9,9984
1780972056,72496,11,9,11400
1780972116,76592,10,9,9984
1780972176,71996,11,9,9984
1780972236,72300,10,9,9984
1780972296,76972,10,9,9984
1780972357,76324,10,9,9984
1780972417,76804,10,9,9984
1780972477,77640,11,9,9984
1780972537,75648,10,9,9984
1780972597,76272,12,9,9984
1780972657,76356,10,9,9984
1780972717,76544,11,9,9984
1780972777,76712,11,9,9984
1780972837,76708,10,9,9984
1780972897,76220,11,9,10632
1780972957,76476,10,9,9984
1780973017,76724,11,9,9984
1780973077,77032,10,9,9984
1780973137,72928,11,9,9984
1780973197,74904,10,9,9984
1780973257,74464,10,9,9984
1780973317,74464,11,9,9984
1780973377,73856,10,9,9984
1780973437,74112,12,9,9984
1780973497,70528,10,9,9984
1780973557,70528,11,9,9984
1780973617,73536,11,9,9984
1780973677,75748,10,9,9984
1780973737,75004,11,9,9984
1780973797,75004,10,9,9984
1780973857,72784,11,9,9984
1780973917,75744,10,9,9984
1780973977,77612,10,9,9984
1780974037,73916,10,9,9984
1780974097,72296,10,9,9984
1780974157,75204,11,9,10096
1780974217,77012,10,9,9984
1780974277,70472,12,9,9984
1780974337,71912,10,9,9984
1780974397,68772,10,9,9984
1780974457,72444,10,9,9984
1780974517,74432,10,9,9984
1780974577,71480,11,9,9984
1780974637,66876,10,9,9984
1780974697,71504,11,9,11716
1780974757,71504,10,9,9984
1780974817,72552,11,9,9984
1780974877,71312,10,9,9984
1780974937,73780,10,9,9984
1780974997,73196,11,9,9984
1780975057,73372,10,9,9984
1780975117,72704,11,9,11608
1780975177,76292,10,9,9984
1780975237,75376,11,9,9984
1780975297,77076,10,9,9984
1780975357,77556,11,9,9984
1780975417,72316,10,9,9984
1780975477,73392,12,9,9984
1780975537,74236,10,9,9984
1780975597,71736,10,9,9984
1780975657,71880,11,9,9984
1780975717,73444,10,9,9984
1780975777,73028,11,9,9984
1780975837,75764,10,9,9984
1780975897,72936,10,9,9984
1780975957,70224,10,9,9984
1780976017,72360,10,9,9984
1780976077,72212,11,9,9984
1780976137,74264,10,9,9984
1780976197,72516,11,9,9984
1780976257,74168,10,9,9984
1780976317,75740,12,9,9984
1780976377,73524,10,9,9984
1780976437,74252,10,9,9984
1780976497,69744,11,9,9984
1780976557,69144,10,9,9984
1780976617,76164,11,9,9984
1780976677,71848,10,9,9984
1780976737,68048,12,9,9984
1780976797,69732,10,9,9984
1780976857,75196,10,9,9984
1780976918,75920,10,9,9984
1780976978,76304,10,9,9984
1780977038,72428,11,9,9984
1780977098,73156,10,9,9984
1780977158,75180,11,9,9984
1780977218,72572,10,9,9984
1780977278,76164,11,9,9984
1780977338,74124,10,9,9984
1780977398,72032,10,9,9984
1780977458,73204,10,9,9984
1780977518,73268,10,9,9984
1780977578,73372,11,9,9984
1780977638,71996,10,9,9984
1780977698,79024,11,9,9984
1780977758,77004,10,9,9984
1780977818,72972,11,9,9984
1780977878,77496,10,9,9984
1780977938,70584,10,9,9984
1780977998,74012,10,9,9984
1780978058,78076,10,9,9984
1780978118,73688,10,9,9984
1780978178,74912,10,9,9984
1780978238,73472,10,9,9984
1780978298,74188,10,9,9984
1780978358,72100,11,9,9984
1780978418,71076,10,9,9984
1780978478,71724,11,9,9984
1780978538,72204,10,9,9984
1780978598,72052,11,9,9984
1780978658,74484,10,9,9984
1780978718,74484,11,9,9984
1780978778,73192,10,9,9984
1780978838,70272,10,9,9984
1780978898,76136,10,9,9984
1780978958,75304,10,9,9984
1780979018,73044,10,9,9984
1780979078,76556,10,9,9984
1780979138,70020,11,9,11728
1780979198,72696,10,9,9984
1780979258,75324,11,9,9984
1780979318,71508,10,9,9984
1780979378,75592,10,9,9984
1780979438,73768,10,9,9984
1780979498,75868,10,9,9984
1780979558,73248,10,9,9984
1780979618,74068,10,9,9984
1780979678,73376,11,9,9984
1780979738,73376,10,9,9984
1780979798,72544,10,9,9984
1780979858,73308,10,9,9984
1780979918,73596,10,9,9984
1780979978,72024,11,9,9984
1780980038,79032,10,9,9984
1780980098,75836,11,9,9984
1780980158,71044,10,9,9984
1780980218,71044,10,9,9984
1780980278,72536,10,9,9984
1780980338,74764,10,9,9984
1780980398,74540,10,9,9984
1780980458,73656,10,9,9984
1780980518,70368,11,9,9984
1780980578,75244,10,9,9984
1780980638,76784,11,9,9984
1780980698,77632,10,9,9984
1780980758,77632,10,9,9984
1780980818,75948,10,9,9984
1780980878,75436,10,9,9984
1780980938,75532,11,9,9984
1780980998,73980,10,9,9984
1780981058,76004,11,9,9984
1780981118,75976,10,9,9984
1780981178,75976,10,9,9984
1780981238,68960,10,9,9984
1780981298,68948,11,9,9984
1780981358,74700,10,9,9984
1780981418,75436,10,9,9984
1780981479,76844,11,9,9984
1780981539,73312,10,9,9984
1780981599,73312,11,9,9984
1780981659,70980,10,9,9984
1780981719,77092,11,9,10944
1780981779,72296,10,9,9984
1780981839,74484,11,9,9984
1780981899,75164,10,9,9984
1780981959,69348,11,9,9984
1780982019,72836,10,9,9984
1780982079,76156,11,9,9984
1780982139,73532,10,9,9984
1780982199,71616,10,9,9984
1780982259,76108,10,9,9984
1780982319,73260,10,9,9984
1780982379,69792,11,9,9984
1780982439,70352,10,9,9984
1780982499,72052,11,9,9984
1780982559,74084,10,9,9984
1780982619,73220,10,9,9984
1780982679,75784,10,9,9984
1780982739,77420,10,9,9984
1780982799,69056,10,9,9984
1780982859,73132,10,9,9984
1780982919,72568,11,9,9984
1780982979,74024,10,9,9984
1780983039,74024,11,9,9984
1780983099,75184,10,9,9984
1780983159,76444,10,9,9984
1780983219,76880,10,9,9984
1780983279,75116,10,9,9984
1780983339,74996,11,9,9984
1780983399,70840,10,9,9984
1780983459,74476,11,9,9984
1780983519,75516,10,9,9984
1780983579,75776,11,9,9984
1780983639,73428,11,9,9984
1780983699,75780,10,9,9984
1780983759,75664,11,9,9984
1780983819,68896,10,9,9984
1780983879,72412,11,9,9984
1780983939,69632,10,9,9984
1780983999,70784,10,9,9984
1780984059,70852,11,9,9984
1780984119,68484,10,9,9984
1780984179,72620,11,9,9996
1780984239,72728,10,9,9984
1780984299,68464,11,9,9984
1780984359,70172,10,9,9984
1780984419,71000,11,9,11128
1780984479,73740,10,9,9984
1780984539,72984,11,9,9984
1780984599,72952,10,9,9984
1780984659,74616,11,9,9984
1780984719,77248,10,9,9984
1780984779,77248,10,9,9984
1780984839,77736,10,9,9984
1780984899,73684,10,9,9984
1780984959,75652,10,9,9984
1780985019,73172,10,9,9984
1780985079,72240,10,9,9984
1780985139,72240,10,9,9984
1780985199,73408,11,9,9984
1780985259,72116,10,9,9984
1780985319,70860,11,9,9984
1780985379,67204,10,9,9984
1780985439,68212,11,9,9984
1780985499,73840,10,9,9984
1780985559,70332,11,9,9984
1780985619,67764,10,9,9984
1780985679,74024,11,9,9984
1780985739,69764,10,9,9984
1780985799,72776,12,9,9984
1780985859,73192,10,9,9984
1780985919,70768,10,9,9984
1780985979,73236,10,9,9984
1780986040,73912,12,9,9984
1780986100,74840,10,9,9984
1780986160,73608,11,9,9984
1780986220,71364,10,9,9984
1780986280,74540,11,9,9984
1780986340,80048,10,9,9984
1780986400,77084,11,9,9984
1780986460,79904,10,9,9984
1780986520,78208,11,9,10104
1780986580,73088,10,9,9984
1780986640,74020,11,9,9984
1780986700,72072,10,9,9984
1780986760,74960,11,9,9984
1780986820,70804,10,9,9984
1780986880,72940,11,9,9984
1780986940,73872,10,9,9984
1780987000,79512,10,9,9984
1780987060,75444,11,9,9984
1780987120,75060,10,9,9984
1780987180,79348,11,9,9984
1780987240,79804,10,9,9984
1780987300,73052,11,9,9984
1780987360,75984,10,9,9984
1780987420,71192,11,9,9984
1780987480,71192,10,9,9984
1780987540,72380,11,9,9984
1780987600,72940,10,9,9984
1780987660,72956,11,9,9984
1780987720,74124,10,9,9984
1780987780,74076,11,9,9984
1780987840,72400,10,9,9984
1780987900,76736,11,9,9984
1780987960,73076,10,9,9984
1780988020,75536,12,9,9984
1780988080,72484,10,9,9984
1780988140,74808,11,9,9984
1780988200,71320,10,9,9984
1780988260,74172,11,9,9984
1780988320,78220,10,9,9984
1780988380,68876,10,9,9984
1780988440,71920,11,9,9984
1780988500,72192,10,9,9984
1780988560,73852,11,9,10636
1780988620,76932,10,9,9984
1780988680,75196,11,9,9984
1780988740,70520,10,9,9984
1780988800,72712,11,9,9984
1780988860,74520,10,9,9984
1780988920,74736,11,9,9984
1780988980,70112,10,9,9984
1780989040,71448,11,9,9984
1780989100,73976,10,9,9984
1780989160,69440,12,9,9984
1780989220,73028,10,9,9984
1780989280,70728,10,9,9984
1780989340,72684,10,9,9984
1780989400,76580,10,9,9984
1780989460,77592,11,9,9984
1780989520,76956,10,9,9984
1780989580,76896,11,9,9984
1780989640,75404,10,9,9984
1780989700,74888,11,9,9984
1780989760,76764,10,9,9984
1780989820,76124,10,9,9984
1780989880,74552,11,9,10832
1780989940,72700,10,9,9984
1780990000,71844,11,9,9984
1780990060,73368,10,9,9984
1780990120,73384,12,9,9984
1780990180,72248,10,9,9984
1780990240,69104,10,9,9984
1780990300,72636,11,9,9984
1780990360,73212,10,9,9984
1780990420,73052,11,9,9984
1780990480,79604,10,9,9984
1780990541,77108,11,9,9984
1780990601,75396,10,9,9984
1780990661,78520,12,9,9984
1780990721,76144,10,9,9984
1780990781,76816,10,9,9984
1780990841,73644,10,9,9984
1780990901,69284,10,9,9984
1780990961,73420,11,9,9984
1780991021,71348,10,9,9984
1780991081,71224,11,9,9996
1780991141,73852,10,9,9984
1780991201,73972,11,9,9984
1780991261,74980,10,9,9984
1780991321,71284,12,9,9984
1780991381,76572,10,9,9984
1780991441,73248,10,9,9984
1780991501,74856,10,9,9984
1780991561,69804,10,9,9984
1780991621,75352,11,9,9984
1780991681,74968,10,9,9984
1780991741,74012,11,9,9984
1780991801,77596,10,9,9984
1780991861,75468,11,9,9984
1780991921,75764,10,9,9984
1780991981,73244,10,9,9984
1780992041,73400,10,9,9984
1780992101,74904,10,9,9984
1780992161,78084,10,9,9984
1780992221,73340,10,9,9984
1780992281,74732,11,9,9984
1780992341,79492,10,9,9984
1780992401,78016,11,9,9984
1780992461,76300,10,9,9984
1780992521,70540,10,9,9984
1780992581,71632,10,9,9984
1780992641,73904,10,9,9984
1780992701,72216,10,9,9984
1780992761,73336,10,9,9984
1780992821,76724,10,9,9984
1780992881,70140,11,9,9984
1780992941,74736,10,9,9984
1780993001,69696,11,9,11440
1780993061,75088,10,9,9984
1780993121,71508,12,9,9984
1780993181,74136,10,9,9984
1780993241,75308,10,9,9984
1780993301,69392,11,9,9984
1780993361,75776,10,9,9984
1780993421,74256,10,9,9984
1780993481,73356,11,9,9984
1780993541,74824,10,9,9984
1780993601,71992,11,9,9988
1780993661,71992,10,9,9984
1780993721,71880,12,9,9984
1780993781,73288,11,9,9984
1780993841,72200,10,9,9984
1780993901,74776,11,9,10372
1780993961,74776,10,9,9984
1780994021,73496,10,9,9984
1780994081,74528,11,9,9984
1780994141,74528,10,9,9984
1780994201,73832,11,9,9984
1780994261,75564,10,9,9984
1780994321,79732,10,9,9984
1780994381,75888,10,9,9984
1780994441,73192,10,9,9984
1780994501,73164,11,9,9984
1780994561,76548,10,9,9984
1780994621,79440,10,9,9984
1780994681,73104,11,9,9984
1780994741,75012,10,9,9984
1780994801,71892,11,9,11148
1780994861,69132,10,9,9984
1780994921,73572,10,9,9984
1780994981,74264,11,9,9984
1780995041,73516,10,9,9984
1780995101,75288,11,9,9984
1780995162,75964,10,9,9984
1780995222,72032,12,9,9984
1780995282,71728,10,9,9984
1780995342,68724,10,9,9984
1780995402,69656,11,9,9984
1780995462,70288,10,9,9984
1780995522,74136,12,9,9984
1780995582,70600,10,9,9984
1780995642,73292,10,9,9984
1780995702,72036,11,9,9984
1780995762,68500,10,9,9984
1780995822,75116,11,9,9984
1780995882,72296,10,9,9984
1780995942,71416,11,9,9984
1780996002,74556,10,9,9984
1780996062,71804,11,9,9984
1780996122,73276,10,9,9984
1780996182,72892,11,9,9984
1780996242,73204,10,9,9984
1780996302,78480,10,9,9984
1780996362,75036,11,9,9984
1780996422,75048,10,9,9984
1780996482,75580,11,9,9984
1780996542,76104,10,9,9984
1780996602,78252,11,9,9984
1780996662,71868,10,9,9984
1780996722,72116,10,9,9984
1780996782,75480,11,9,9984
1780996842,75660,10,9,9984
1780996902,73304,10,9,9984
1780996962,72196,10,9,9984
1780997022,71200,10,9,9984
1780997082,76012,10,9,9984
1780997142,76060,10,9,9984
1780997202,76040,11,9,9984
1780997262,69344,10,9,9984
1780997322,74856,12,9,9984
1780997382,74908,10,9,9984
1780997442,70164,10,9,9984
1780997502,70164,11,9,10700
1780997562,75072,10,9,9984
1780997622,74124,12,9,9984
1780997682,76256,10,9,9984
1780997742,73928,10,9,9984
1780997802,78480,11,9,9984
1780997862,79264,10,9,9984
1780997922,79264,12,9,9984
1780997982,79300,10,9,9984
1780998042,77548,10,9,9984
1780998102,78116,11,9,9984
1780998162,78116,10,9,9984
1780998222,78116,11,9,9984
1780998282,76720,10,9,9984
1780998342,77972,10,9,9984
1780998402,74108,11,9,9984
1780998462,75964,10,9,9984
1780998522,76940,11,9,9984
1780998582,76940,10,9,9984
1780998642,75380,11,9,9984
1780998702,75380,11,9,9984
1780998762,75380,10,9,9984
1780998822,76476,11,9,9984
1780998882,71812,10,9,9984
1780998942,68184,12,9,9984
1780999002,68508,10,9,9984
1780999062,68368,10,9,9984
1780999122,70804,11,9,9984
1780999182,81316,10,9,9984
1780999242,71016,11,9,9984
1780999302,69016,10,9,9984
1780999362,72636,10,9,9984
1780999422,69536,10,9,9984
1780999482,70168,10,9,9984
1780999542,70584,11,9,9984
1780999602,75924,10,9,9984
1780999662,78252,10,9,9984
1780999723,79896,12,9,9984
1780999783,74500,10,9,9984
1780999843,74660,12,9,9984
1780999903,75972,10,9,9984
1780999963,73828,10,9,9984
1781000023,73924,11,9,9984
1781000083,71980,10,9,9984
1781000143,74012,11,9,9984
1781000203,73012,10,9,9984
1781000263,73016,11,9,9984
1781000323,71432,10,9,9984
1781000383,72436,11,9,9984
1781000443,73972,10,9,9984
1781000503,73644,10,9,9984
1781000563,72456,10,9,9984
1781000623,70888,11,9,9984
1781000683,74412,10,9,9984
1781000743,76484,11,9,9984
1781000803,71320,10,9,9984
1781000863,76820,10,9,9984
1781000923,71544,11,9,9984
1781000983,70712,10,9,9984
1781001043,77328,11,9,9984
1781001103,73052,10,9,9984
1781001163,77040,11,9,9984
1781001223,71204,10,9,9984
1781001283,69716,10,5,9984
1781001343,69716,10,5,9984
1781001403,69716,10,5,9984
1781001463,69716,10,5,9984
1781001523,69716,10,5,9984
1781001583,69716,10,5,9984
1781001643,69716,10,5,9984
1781001703,69716,10,5,9984
1781001763,69716,10,5,9984
1781001823,69716,10,5,9984
1781001883,69716,10,5,9984
1781001943,69716,10,5,9984
1781002003,69716,10,5,9984
1781002063,69716,10,5,9984
1781002123,69716,10,5,9984
1781002183,69716,10,5,9984
1781002243,69716,10,5,9984
1781002303,69716,10,5,9984
1781002363,69716,10,5,9984
1781002423,69716,10,5,9984
1781002483,69716,10,5,9984
1781002543,69716,10,5,9984
1781002603,69716,10,5,9984
1781002663,69716,10,5,9984
1781002723,69716,10,5,9984
1781002783,69716,10,5,9984
1781002843,69716,10,5,9984
1781002903,69716,10,5,9984
1781002963,69716,10,5,9984
1781003023,69716,10,5,9984
1781003083,69716,10,5,9984
1781003143,69716,10,5,9984
1781003203,69716,10,5,9984
1781003263,69716,10,5,9984
1781003323,69716,10,5,9984
1781003383,69716,10,5,9984
1781003443,69716,10,5,9984
1781003503,69716,10,5,9984
1781003563,69716,10,5,9984
1781003623,69716,10,5,9984
1781003683,69716,10,5,9984
1781003743,69716,10,5,9984
1781003803,69716,10,5,9984
1781003863,69716,10,5,9984
1781003923,69716,10,5,9984
1781003983,69716,10,5,9984
1781004043,69716,10,5,9984
1781004103,69716,10,5,9984
1781004163,69716,10,5,9984
1781004223,69716,10,5,9984
1781004284,69716,10,5,9984
1781004344,69716,10,5,9984
1781004404,69716,10,5,9984
1781004464,69716,10,5,9984
1781004524,69716,10,5,9984
1781004584,69716,10,5,9984
1781004644,69716,10,5,9984
1781004704,69716,10,5,9984
1781004764,69716,10,5,9984
1781004824,69716,10,5,9984
1781004884,69716,10,5,9984
1781004944,69716,10,5,9984
1781005004,69716,10,5,9984
1781005064,69716,10,5,9984
1781005124,69716,10,5,9984
1781005184,69716,10,5,9984
1781005244,69716,10,5,9984
1781005304,69716,10,5,9984
1781005364,69716,10,5,9984
1781005424,69716,10,5,9984
1781005484,69716,10,5,9984
1781005544,69716,10,5,9984
1781005604,69716,10,5,9984
1781005664,69716,10,5,9984
1781005724,69716,10,5,9984
1781005784,69716,10,5,9984
1781005844,69716,10,5,9984
1781005904,69716,10,5,9984
1781005964,69716,10,5,9984
1781006024,69716,10,5,9984
1781006084,69716,10,5,9984
1781006144,69716,10,5,9984
1781006204,69716,10,5,9984
1781006264,69716,10,5,9984
1781006324,69716,10,5,9984
1781006384,69716,10,5,9984
1781006444,69716,10,5,9984
1781006504,69716,10,5,9984
1781006564,69716,10,5,9984
1781006624,69716,10,5,9984
1781006684,69716,10,5,9984
1781006744,69716,10,5,9984
1781006804,69716,10,5,9984
1781006864,69716,10,5,9984
1781006924,69716,10,5,9984
1781006984,69716,10,5,9984
1781007044,69716,10,5,9984
1781007104,69716,10,5,9984
1781007164,69716,10,5,9984
1781007224,69716,10,5,9984
1781007284,69716,10,5,9984
1781007344,69716,10,5,9984
1781007404,69716,10,5,9984
1781007464,69716,10,5,9984
1781007524,69716,10,5,9984
1781007584,69716,10,5,9984
1781007644,69716,10,5,9984
1781007704,69716,10,5,9984
1781007764,69716,10,5,9984
1781007824,69716,10,5,9984
1781007884,69716,10,5,9984
1781007944,69716,10,5,9984
1781008004,69716,10,5,9984
1781008064,69716,10,5,9984
1781008124,69716,10,5,9984
1781008184,69716,10,5,9984
1781008244,69716,10,5,9984
1781008304,69716,10,5,9984
1781008364,69716,10,5,9984
1781008424,69716,10,5,9984
1781008484,69716,10,5,9984
1781008544,69716,10,5,9984
1781008604,69716,10,5,9984
1781008664,69716,10,5,9984
1781008724,69716,10,5,9984
1781008785,69716,10,5,9984
1781008845,69716,10,5,9984
1781008905,69716,10,5,9984
1781008965,69716,10,5,9984
1781009025,69716,10,5,9984
1781009085,69716,10,5,9984
1781009145,69716,10,5,9984
1781009205,69716,10,5,9984
1781009265,69716,10,5,9984
1781009325,69716,10,5,9984
1781009385,69716,10,5,9984
1781009445,69716,10,5,9984
1781009505,69716,10,5,9984
1781009565,69716,10,5,9984
1781009625,69716,10,5,9984
1781009685,69716,10,5,9984
1781009745,69716,10,5,9984
1781009805,69716,10,5,9984
1781009865,69716,10,5,9984
1781009925,69716,10,5,9984
1781009985,69716,10,5,9984
1781010045,69716,10,5,9984
1781010105,69716,10,5,9984
1781010165,69716,10,5,9984
1781010225,69716,10,5,9984
1781010285,69716,10,5,9984
1781010345,69716,10,5,9984
1781010405,69716,10,5,9984
1781010465,69716,10,5,9984
1781010525,69716,10,5,9984
