ts,elapsed_s,iters,errors,rps,p50_ms,p99_ms,max_ms
1780914924,60,2992,0,49.9,0.34,7.82,8.71
1780914984,120,5983,0,49.9,0.37,7.93,8.71
1780915044,180,8974,0,49.9,0.41,7.88,8.78
1780915104,240,11965,0,49.9,0.41,7.97,8.78
1780915164,300,14956,0,49.9,0.40,7.90,8.61
1780915224,360,17947,0,49.9,0.38,7.78,8.22
1780915284,420,20938,0,49.9,0.37,7.78,8.22
1780915344,480,23930,0,49.9,0.39,7.74,8.44
1780915404,540,26921,0,49.9,0.40,7.81,8.44
1780915464,600,29912,0,49.9,0.38,7.76,8.30
1780915524,660,32903,0,49.9,0.41,7.82,8.30
1780915584,720,35895,0,49.9,0.37,7.82,8.57
1780915644,780,38886,0,49.8,0.37,7.82,8.57
1780915704,840,41877,0,49.8,0.37,7.86,8.40
1780915764,900,44868,0,49.8,0.37,7.85,8.53
1780915824,960,47859,0,49.8,0.37,7.92,8.54
1780915884,1020,50850,0,49.8,0.41,7.93,8.54
1780915944,1080,53841,0,49.8,0.43,8.00,8.45
1780916004,1140,56832,0,49.8,0.41,7.98,8.45
1780916064,1200,59823,0,49.8,0.39,7.90,8.23
1780916124,1260,62814,0,49.8,0.40,7.93,8.51
1780916184,1320,65805,0,49.8,0.40,7.81,8.51
1780916244,1380,68796,0,49.8,0.37,7.76,8.19
1780916304,1440,71787,0,49.8,0.37,7.78,8.25
1780916364,1500,74778,0,49.8,0.41,7.81,8.29
1780916424,1560,77769,0,49.8,0.40,7.97,8.47
1780916484,1620,80760,0,49.8,0.41,7.95,8.55
1780916544,1680,83751,0,49.8,0.41,7.82,8.55
1780916604,1740,86742,0,49.8,0.41,7.78,8.42
1780916664,1800,89733,0,49.8,0.40,7.84,8.58
1780916724,1860,92724,0,49.8,0.39,7.86,8.37
1780916784,1920,95715,0,49.8,0.42,7.85,8.56
1780916844,1980,98706,0,49.8,0.40,7.95,8.50
1780916904,2040,101697,0,49.8,0.40,7.94,8.51
1780916964,2100,104688,0,49.8,0.42,8.03,8.63
1780917024,2160,107679,0,49.8,0.41,7.93,8.90
1780917084,2220,110670,0,49.8,0.39,7.86,8.73
1780917144,2280,113661,0,49.8,0.38,7.83,8.73
1780917204,2340,116652,0,49.8,0.42,8.00,8.35
1780917264,2400,119643,0,49.8,0.38,7.79,8.52
1780917324,2460,122634,0,49.8,0.39,7.88,8.77
1780917384,2520,125625,0,49.8,0.38,7.85,8.47
1780917444,2580,128616,0,49.8,0.38,7.89,8.47
1780917504,2640,131607,0,49.8,0.41,7.90,8.41
1780917564,2700,134598,0,49.8,0.42,7.97,8.76
1780917624,2760,137589,0,49.8,0.38,7.98,9.06
1780917684,2820,140580,0,49.8,0.38,7.90,8.46
1780917744,2880,143571,0,49.8,0.41,7.88,8.28
1780917804,2940,146562,0,49.8,0.41,7.90,8.73
1780917864,3000,149553,0,49.8,0.41,8.31,8.77
1780917924,3060,152544,0,49.8,0.41,7.91,8.39
1780917984,3120,155535,0,49.8,0.41,7.88,8.71
1780918044,3180,158526,0,49.8,0.42,7.89,8.40
1780918104,3240,161517,0,49.8,0.39,7.83,8.15
1780918164,3300,164508,0,49.8,0.39,7.85,8.28
1780918224,3360,167499,0,49.8,0.41,7.96,8.30
1780918284,3420,170490,0,49.8,0.40,7.94,8.51
1780918344,3480,173481,0,49.8,0.38,7.90,10.07
1780918404,3540,176472,0,49.8,0.41,7.95,10.07
1780918464,3600,179463,0,49.8,0.42,7.97,8.39
1780918524,3660,182454,0,49.8,0.40,7.96,8.65
1780918584,3720,185445,0,49.8,0.37,7.83,8.20
1780918644,3780,188436,0,49.8,0.41,7.81,8.12
1780918704,3840,191427,0,49.8,0.41,7.85,8.60
1780918764,3900,194418,0,49.8,0.40,7.90,8.36
1780918824,3960,197409,0,49.8,0.39,7.91,8.57
1780918884,4020,200400,0,49.8,0.40,7.93,8.42
1780918944,4080,203391,0,49.8,0.39,7.91,8.72
1780919004,4140,206382,0,49.8,0.41,7.88,8.58
1780919064,4200,209373,0,49.8,0.40,7.89,8.37
1780919124,4260,212364,0,49.8,0.38,7.90,8.30
1780919184,4320,215355,0,49.8,0.40,7.90,8.42
1780919244,4380,218346,0,49.8,0.42,7.96,8.43
1780919304,4440,221337,0,49.8,0.41,8.01,8.56
1780919364,4500,224328,0,49.8,0.41,8.00,8.56
1780919424,4560,227319,0,49.8,0.43,8.04,8.73
1780919484,4620,230310,0,49.8,0.40,7.99,9.77
1780919544,4680,233301,0,49.8,0.41,7.90,8.74
1780919604,4740,236292,0,49.8,0.39,7.88,8.48
1780919664,4800,239283,0,49.8,0.42,7.89,8.74
1780919724,4860,242274,0,49.8,0.41,7.87,8.52
1780919784,4920,245265,0,49.8,0.39,7.80,8.52
1780919844,4980,248256,0,49.8,0.40,7.88,8.52
1780919904,5040,251247,0,49.8,0.41,7.84,8.41
1780919964,5100,254238,0,49.8,0.41,7.83,8.60
1780920024,5160,257229,0,49.8,0.41,7.93,8.34
1780920084,5220,260220,0,49.8,0.41,7.89,8.40
1780920144,5280,263211,0,49.8,0.39,7.82,8.53
1780920204,5340,266202,0,49.8,0.38,7.83,8.53
1780920264,5400,269193,0,49.8,0.38,7.79,8.25
1780920324,5460,272184,0,49.8,0.37,7.85,8.42
1780920384,5520,275175,0,49.8,0.41,7.86,8.42
1780920444,5580,278166,0,49.8,0.40,7.80,8.33
1780920504,5640,281157,0,49.8,0.41,7.85,8.19
1780920564,5700,284148,0,49.8,0.41,7.83,8.29
1780920624,5760,287139,0,49.8,0.40,7.77,8.20
1780920684,5820,290130,0,49.8,0.40,7.85,9.18
1780920744,5880,293121,0,49.8,0.41,7.92,8.68
1780920804,5940,296112,0,49.8,0.42,7.92,8.68
1780920864,6000,299103,0,49.8,0.41,7.90,8.60
1780920924,6060,302094,0,49.8,0.41,7.90,8.54
1780920984,6120,305085,0,49.8,0.39,7.84,8.54
1780921044,6180,308076,0,49.8,0.41,7.82,8.37
1780921104,6240,311067,0,49.8,0.41,7.76,8.27
1780921164,6300,314058,0,49.8,0.38,7.85,8.34
1780921224,6360,317049,0,49.8,0.38,7.93,8.70
1780921284,6420,320040,0,49.8,0.40,7.91,8.75
1780921344,6480,323031,0,49.8,0.40,7.82,8.21
1780921404,6540,326022,0,49.8,0.39,7.85,8.71
1780921464,6600,329013,0,49.8,0.39,7.85,8.26
1780921524,6660,332004,0,49.8,0.41,7.89,8.48
1780921584,6720,334995,0,49.8,0.41,7.83,8.48
1780921644,6780,337986,0,49.8,0.41,8.35,9.07
1780921704,6840,340977,0,49.8,0.41,7.84,8.26
1780921764,6900,343968,0,49.8,0.39,7.87,8.49
1780921824,6960,346959,0,49.8,0.40,8.02,8.92
1780921884,7020,349950,0,49.8,0.41,7.94,8.49
1780921944,7080,352941,0,49.8,0.40,7.78,8.32
1780922004,7140,355932,0,49.8,0.40,7.78,8.32
1780922064,7200,358923,0,49.8,0.40,7.80,8.20
1780922124,7260,361914,0,49.8,0.41,7.85,8.37
1780922184,7320,364905,0,49.8,0.41,7.83,8.48
1780922244,7380,367896,0,49.8,0.40,7.77,8.24
1780922304,7440,370887,0,49.8,0.41,7.78,8.98
1780922364,7500,373878,0,49.8,0.42,7.82,8.71
1780922424,7560,376869,0,49.8,0.41,7.82,8.18
1780922484,7620,379860,0,49.8,0.39,7.77,8.20
1780922544,7680,382851,0,49.8,0.41,7.81,8.33
1780922604,7740,385842,0,49.8,0.39,7.88,8.41
1780922664,7800,388833,0,49.8,0.41,7.84,8.43
1780922724,7860,391824,0,49.8,0.40,7.82,8.26
1780922784,7920,394815,0,49.8,0.38,7.90,8.60
1780922844,7980,397806,0,49.8,0.37,7.78,8.53
1780922904,8040,400797,0,49.8,0.38,7.76,8.26
1780922964,8100,403788,0,49.8,0.41,7.77,8.25
1780923024,8160,406779,0,49.8,0.38,7.87,8.63
1780923084,8220,409770,0,49.8,0.38,7.93,8.55
1780923144,8280,412761,0,49.8,0.40,7.88,8.43
1780923204,8340,415752,0,49.8,0.40,7.83,8.26
1780923264,8400,418743,0,49.8,0.40,7.86,8.64
1780923324,8460,421734,0,49.8,0.41,7.83,8.64
1780923384,8520,424725,0,49.8,0.39,7.80,8.44
1780923444,8580,427716,0,49.8,0.40,7.79,8.27
1780923504,8640,430707,0,49.8,0.39,7.79,8.27
1780923564,8700,433698,0,49.8,0.41,7.87,8.25
1780923624,8760,436689,0,49.8,0.41,7.96,8.63
1780923684,8820,439680,0,49.8,0.41,7.93,8.67
1780923744,8880,442671,0,49.8,0.41,7.88,8.67
1780923804,8940,445662,0,49.8,0.38,7.81,8.31
1780923864,9000,448653,0,49.8,0.37,7.80,8.31
1780923924,9060,451644,0,49.8,0.37,7.82,8.24
1780923984,9120,454635,0,49.8,0.40,7.81,8.61
1780924044,9180,457626,0,49.8,0.41,7.82,8.33
1780924104,9240,460617,0,49.8,0.42,7.81,8.16
1780924164,9300,463608,0,49.8,0.40,7.92,8.55
1780924224,9360,466599,0,49.8,0.38,7.87,8.41
1780924284,9420,469590,0,49.8,0.39,7.88,8.59
1780924344,9480,472581,0,49.8,0.42,7.93,8.52
1780924404,9540,475572,0,49.8,0.38,7.87,8.53
1780924464,9600,478563,0,49.8,0.41,7.86,8.26
1780924524,9660,481554,0,49.8,0.40,7.86,8.37
1780924584,9720,484545,0,49.8,0.41,7.86,8.35
1780924644,9780,487536,0,49.8,0.39,7.86,8.73
1780924704,9840,490527,0,49.8,0.39,7.81,8.18
1780924764,9900,493518,0,49.8,0.40,7.82,8.22
1780924824,9960,496509,0,49.8,0.41,7.83,8.26
1780924884,10020,499500,0,49.8,0.40,7.82,8.23
1780924944,10080,502491,0,49.8,0.42,7.85,8.43
1780925004,10140,505482,0,49.8,0.42,7.90,8.43
1780925064,10200,508473,0,49.8,0.40,7.77,8.26
1780925124,10260,511464,0,49.8,0.38,7.81,8.26
1780925184,10320,514455,0,49.8,0.42,7.83,8.21
1780925244,10380,517446,0,49.8,0.40,7.85,8.45
1780925304,10440,520437,0,49.8,0.37,7.84,8.30
1780925364,10500,523428,0,49.8,0.39,7.83,8.26
1780925424,10560,526419,0,49.8,0.39,7.97,8.35
1780925484,10620,529410,0,49.8,0.38,7.93,8.35
1780925544,10680,532401,0,49.8,0.40,7.85,8.35
1780925604,10740,535392,0,49.8,0.40,7.89,8.59
1780925664,10800,538383,0,49.8,0.40,7.94,8.59
1780925724,10860,541374,0,49.8,0.41,7.81,8.20
1780925784,10920,544365,0,49.8,0.39,7.84,8.41
1780925844,10980,547356,0,49.8,0.41,7.85,8.17
1780925904,11040,550347,0,49.8,0.40,7.84,8.22
1780925964,11100,553338,0,49.8,0.41,7.83,8.22
1780926024,11160,556329,0,49.8,0.41,7.81,8.21
1780926084,11220,559320,0,49.8,0.38,7.83,8.16
1780926144,11280,562311,0,49.8,0.40,7.85,8.63
1780926204,11340,565302,0,49.8,0.41,7.83,8.60
1780926264,11400,568293,0,49.8,0.38,7.77,8.67
1780926324,11460,571284,0,49.8,0.40,7.79,8.67
1780926384,11520,574275,0,49.8,0.38,7.84,8.39
1780926444,11580,577266,0,49.8,0.39,7.89,8.30
1780926504,11640,580257,0,49.8,0.39,7.88,8.61
1780926564,11700,583248,0,49.8,0.42,7.86,8.27
1780926624,11760,586239,0,49.8,0.42,7.92,8.54
1780926684,11820,589230,0,49.8,0.41,7.93,8.54
1780926744,11880,592221,0,49.8,0.42,7.91,8.53
1780926804,11940,595212,0,49.8,0.42,7.91,8.59
1780926864,12000,598203,0,49.8,0.38,7.89,8.59
1780926924,12060,601194,0,49.8,0.41,7.95,8.60
1780926984,12120,604185,0,49.8,0.41,7.93,8.45
1780927044,12180,607176,0,49.8,0.39,7.97,8.48
1780927104,12240,610167,0,49.8,0.41,8.00,8.59
1780927164,12300,613158,0,49.8,0.43,8.02,8.58
1780927224,12360,616149,0,49.8,0.42,8.09,8.92
1780927284,12420,619140,0,49.8,0.41,8.06,8.92
1780927344,12480,622131,0,49.8,0.41,7.98,8.60
1780927404,12540,625122,0,49.8,0.40,7.82,8.29
1780927464,12600,628113,0,49.8,0.40,7.81,8.26
1780927524,12660,631104,0,49.8,0.38,7.87,8.32
1780927584,12720,634095,0,49.8,0.41,7.82,8.57
1780927644,12780,637086,0,49.8,0.40,7.82,8.28
1780927704,12840,640077,0,49.8,0.40,7.81,8.34
1780927764,12900,643068,0,49.8,0.40,7.83,8.37
1780927824,12960,646059,0,49.8,0.40,7.82,8.37
1780927884,13020,649050,0,49.8,0.41,7.82,8.31
1780927944,13080,652041,0,49.8,0.41,7.81,8.15
1780928004,13140,655032,0,49.8,0.40,7.83,8.21
1780928064,13200,658023,0,49.8,0.38,7.83,8.31
1780928124,13260,661014,0,49.8,0.40,7.82,8.59
1780928184,13320,664005,0,49.8,0.41,7.80,8.13
1780928244,13380,666996,0,49.8,0.38,7.85,8.17
1780928304,13440,669987,0,49.8,0.40,7.91,8.24
1780928364,13500,672978,0,49.8,0.41,7.82,8.75
1780928424,13560,675969,0,49.8,0.40,7.88,8.75
1780928484,13620,678960,0,49.8,0.38,7.83,8.66
1780928544,13680,681951,0,49.8,0.40,7.81,8.55
1780928604,13740,684942,0,49.8,0.40,7.87,8.31
1780928664,13800,687933,0,49.8,0.41,7.89,8.25
1780928724,13860,690925,0,49.8,0.38,7.84,8.25
1780928784,13920,693916,0,49.8,0.40,7.80,8.39
1780928844,13980,696907,0,49.8,0.41,7.83,8.39
1780928904,14040,699898,0,49.8,0.40,7.83,8.40
1780928964,14100,702889,0,49.8,0.40,7.87,8.40
1780929024,14160,705880,0,49.8,0.41,7.98,8.38
1780929084,14220,708871,0,49.8,0.40,7.98,8.36
1780929144,14280,711862,0,49.8,0.39,7.83,8.51
1780929204,14340,714853,0,49.8,0.41,8.38,9.04
1780929264,14400,717844,0,49.8,0.41,8.10,9.04
1780929324,14460,720835,0,49.8,0.40,7.87,8.47
1780929384,14520,723826,0,49.8,0.42,7.89,8.48
1780929444,14580,726817,0,49.8,0.38,7.85,8.46
1780929504,14640,729808,0,49.8,0.40,7.88,8.27
1780929564,14700,732799,0,49.8,0.40,7.87,8.26
1780929624,14760,735790,0,49.8,0.41,7.88,8.64
1780929684,14820,738781,0,49.8,0.40,7.83,8.16
1780929744,14880,741772,0,49.8,0.41,7.83,8.22
1780929804,14940,744763,0,49.8,0.40,8.02,8.83
1780929865,15000,747754,0,49.8,0.43,8.20,9.11
1780929925,15060,750745,0,49.8,0.43,7.95,8.38
1780929985,15120,753736,0,49.8,0.40,7.94,8.62
1780930045,15180,756727,0,49.8,0.41,7.83,8.33
1780930105,15240,759718,0,49.8,0.41,7.83,8.24
1780930165,15300,762709,0,49.8,0.38,7.82,8.16
1780930225,15360,765700,0,49.8,0.41,7.88,8.51
1780930285,15420,768691,0,49.8,0.42,7.91,9.16
1780930345,15480,771682,0,49.8,0.41,7.95,9.16
1780930405,15540,774673,0,49.8,0.39,7.90,8.22
1780930465,15600,777664,0,49.8,0.42,7.94,8.32
1780930525,15660,780655,0,49.8,0.41,7.94,8.43
1780930585,15720,783646,0,49.8,0.40,7.92,8.31
1780930645,15780,786637,0,49.8,0.41,7.88,8.31
1780930705,15840,789628,0,49.8,0.42,7.96,8.45
1780930765,15900,792619,0,49.8,0.41,7.95,8.45
1780930825,15960,795610,0,49.8,0.40,7.99,8.83
1780930885,16020,798601,0,49.8,0.39,7.98,8.83
1780930945,16080,801592,0,49.8,0.39,7.91,8.24
1780931005,16140,804583,0,49.8,0.39,7.90,8.42
1780931065,16200,807574,0,49.8,0.39,7.83,8.65
1780931125,16260,810565,0,49.8,0.42,7.91,8.65
1780931185,16320,813556,0,49.8,0.41,7.87,8.30
1780931245,16380,816547,0,49.8,0.40,7.87,8.19
1780931305,16440,819538,0,49.8,0.42,7.93,8.67
1780931365,16500,822529,0,49.8,0.42,8.01,8.67
1780931425,16560,825520,0,49.8,0.43,8.05,8.79
1780931485,16620,828511,0,49.8,0.42,7.95,8.54
1780931545,16680,831502,0,49.8,0.42,7.96,8.54
1780931605,16740,834493,0,49.8,0.41,7.98,8.35
1780931665,16800,837484,0,49.8,0.41,8.12,8.77
1780931725,16860,840475,0,49.8,0.42,8.08,8.45
1780931785,16920,843466,0,49.8,0.40,7.92,8.25
1780931845,16980,846457,0,49.8,0.41,7.92,8.67
1780931905,17040,849448,0,49.8,0.41,8.00,8.67
1780931965,17100,852439,0,49.8,0.41,7.95,8.28
1780932025,17160,855430,0,49.8,0.40,8.00,8.33
1780932085,17220,858421,0,49.8,0.41,7.97,8.46
1780932145,17280,861412,0,49.8,0.41,8.07,8.99
1780932205,17340,864403,0,49.8,0.42,7.98,8.99
1780932265,17400,867394,0,49.8,0.42,8.02,8.38
1780932325,17460,870385,0,49.8,0.41,8.04,8.85
1780932385,17520,873376,0,49.8,0.41,8.08,9.12
1780932445,17580,876367,0,49.8,0.43,8.07,8.58
1780932505,17640,879358,0,49.8,0.43,8.03,8.58
1780932565,17700,882349,0,49.8,0.39,7.92,8.49
1780932625,17760,885340,0,49.8,0.42,8.00,8.49
1780932685,17820,888331,0,49.8,0.41,7.95,8.50
1780932745,17880,891322,0,49.8,0.39,7.84,8.27
1780932805,17940,894313,0,49.8,0.40,7.90,8.29
1780932865,18000,897304,0,49.8,0.39,7.94,8.38
1780932925,18060,900295,0,49.8,0.41,7.87,8.37
1780932985,18120,903286,0,49.8,0.40,7.92,8.41
1780933045,18180,906277,0,49.8,0.41,7.90,8.44
1780933105,18240,909268,0,49.8,0.40,7.95,8.34
1780933165,18300,912259,0,49.8,0.42,7.99,8.42
1780933225,18360,915250,0,49.8,0.41,7.92,8.37
1780933285,18420,918241,0,49.8,0.40,7.87,8.26
1780933345,18480,921232,0,49.8,0.41,7.89,8.36
1780933405,18540,924223,0,49.8,0.39,7.89,8.41
1780933465,18600,927214,0,49.8,0.40,7.91,8.42
1780933525,18660,930205,0,49.8,0.41,7.95,8.51
1780933585,18720,933196,0,49.8,0.41,7.91,8.37
1780933645,18780,936187,0,49.8,0.41,7.90,8.35
1780933705,18840,939178,0,49.8,0.42,7.90,8.49
1780933765,18900,942169,0,49.8,0.42,7.91,8.49
1780933825,18960,945160,0,49.8,0.41,7.93,8.48
1780933885,19020,948151,0,49.8,0.41,7.95,8.37
1780933945,19080,951142,0,49.8,0.41,7.93,8.35
1780934005,19140,954133,0,49.8,0.41,7.93,8.36
1780934065,19200,957124,0,49.8,0.40,7.91,8.65
1780934125,19260,960115,0,49.8,0.39,7.94,8.63
1780934185,19320,963106,0,49.8,0.40,7.88,8.37
1780934245,19380,966097,0,49.8,0.40,7.91,8.37
1780934305,19440,969088,0,49.8,0.40,7.93,8.38
1780934365,19500,972079,0,49.8,0.41,7.89,8.38
1780934425,19560,975070,0,49.8,0.43,8.08,9.23
1780934485,19620,978061,0,49.8,0.42,8.05,9.23
1780934545,19680,981052,0,49.8,0.41,7.98,8.40
1780934605,19740,984043,0,49.8,0.40,7.92,8.39
1780934665,19800,987034,0,49.8,0.41,7.88,8.36
1780934725,19860,990025,0,49.8,0.40,7.88,8.37
1780934785,19920,993016,0,49.8,0.39,7.97,8.91
1780934845,19980,996007,0,49.8,0.41,7.94,8.91
1780934905,20040,998998,0,49.8,0.38,7.88,8.30
1780934965,20100,1001989,0,49.8,0.40,7.89,8.53
1780935025,20160,1004980,0,49.8,0.41,7.94,8.46
1780935085,20220,1007971,0,49.8,0.40,7.99,8.40
1780935145,20280,1010962,0,49.8,0.40,7.90,8.39
1780935205,20340,1013953,0,49.8,0.40,7.89,8.30
1780935265,20400,1016944,0,49.8,0.40,7.88,8.46
1780935325,20460,1019935,0,49.8,0.38,7.87,8.39
1780935385,20520,1022926,0,49.8,0.40,7.87,8.35
1780935445,20580,1025917,0,49.8,0.42,7.95,8.45
1780935505,20640,1028908,0,49.8,0.40,7.95,8.34
1780935565,20700,1031899,0,49.8,0.42,8.33,9.16
1780935625,20760,1034890,0,49.8,0.41,7.95,8.41
1780935685,20820,1037881,0,49.8,0.40,7.90,8.37
1780935745,20880,1040872,0,49.8,0.39,7.90,8.38
1780935805,20940,1043863,0,49.8,0.41,7.88,8.41
1780935865,21000,1046854,0,49.8,0.41,7.94,8.52
1780935925,21060,1049845,0,49.8,0.43,8.00,8.43
1780935985,21120,1052836,0,49.8,0.41,7.96,8.71
1780936045,21180,1055827,0,49.8,0.39,7.93,8.32
1780936105,21240,1058818,0,49.8,0.41,7.95,8.32
1780936165,21300,1061809,0,49.8,0.42,8.04,8.53
1780936225,21360,1064800,0,49.8,0.40,8.27,8.89
1780936285,21420,1067791,0,49.8,0.42,8.00,8.51
1780936345,21480,1070782,0,49.8,0.41,7.92,8.45
1780936405,21540,1073773,0,49.8,0.41,7.90,8.41
1780936465,21600,1076764,0,49.8,0.41,7.90,8.66
1780936525,21660,1079755,0,49.8,0.41,7.88,8.37
1780936585,21720,1082746,0,49.8,0.41,7.88,8.30
1780936645,21780,1085737,0,49.8,0.40,7.84,8.17
1780936705,21840,1088728,0,49.8,0.40,7.84,8.37
1780936765,21900,1091719,0,49.8,0.41,7.83,8.35
1780936825,21960,1094710,0,49.8,0.41,7.87,8.36
1780936885,22020,1097701,0,49.8,0.41,7.82,8.28
1780936945,22080,1100692,0,49.8,0.41,7.81,8.47
1780937005,22140,1103683,0,49.8,0.42,7.89,8.33
1780937065,22200,1106674,0,49.8,0.38,7.84,8.33
1780937125,22260,1109665,0,49.8,0.40,7.85,8.39
1780937185,22320,1112656,0,49.8,0.41,7.83,8.45
1780937245,22380,1115647,0,49.8,0.39,8.12,8.96
1780937305,22440,1118638,0,49.8,0.41,7.92,8.31
1780937365,22500,1121629,0,49.8,0.42,7.89,8.36
1780937425,22560,1124620,0,49.8,0.40,7.83,8.31
1780937485,22620,1127611,0,49.8,0.42,7.83,8.31
1780937545,22680,1130602,0,49.8,0.42,7.84,8.26
1780937605,22740,1133593,0,49.8,0.40,7.85,8.25
1780937665,22800,1136584,0,49.8,0.40,7.88,8.57
1780937725,22860,1139575,0,49.8,0.40,7.98,8.56
1780937785,22920,1142566,0,49.8,0.41,7.90,8.42
1780937845,22980,1145557,0,49.8,0.40,7.81,8.26
1780937905,23040,1148548,0,49.8,0.42,7.91,8.30
1780937965,23100,1151539,0,49.8,0.39,7.98,8.46
1780938025,23160,1154530,0,49.8,0.41,7.98,8.57
1780938085,23220,1157521,0,49.8,0.42,7.98,8.79
1780938145,23280,1160512,0,49.8,0.41,8.05,8.64
1780938205,23340,1163503,0,49.8,0.41,7.95,8.45
1780938265,23400,1166494,0,49.8,0.39,7.84,8.33
1780938325,23460,1169485,0,49.8,0.40,7.93,8.56
1780938385,23520,1172476,0,49.8,0.40,7.97,8.26
1780938445,23580,1175467,0,49.8,0.41,7.86,8.38
1780938505,23640,1178458,0,49.8,0.42,7.80,8.32
1780938565,23700,1181449,0,49.8,0.40,7.84,8.43
1780938625,23760,1184440,0,49.8,0.39,7.88,8.53
1780938685,23820,1187431,0,49.8,0.41,7.91,8.50
1780938745,23880,1190422,0,49.8,0.42,7.96,8.59
1780938805,23940,1193413,0,49.8,0.41,7.85,8.59
1780938865,24000,1196404,0,49.8,0.41,7.88,8.32
1780938925,24060,1199395,0,49.8,0.41,7.92,8.80
1780938985,24120,1202386,0,49.8,0.40,8.01,9.01
1780939045,24180,1205377,0,49.8,0.41,8.01,9.01
1780939105,24240,1208368,0,49.8,0.40,7.93,8.37
1780939165,24300,1211359,0,49.8,0.41,7.88,8.47
1780939225,24360,1214350,0,49.8,0.40,7.86,8.35
1780939285,24420,1217341,0,49.8,0.41,7.88,8.35
1780939345,24480,1220332,0,49.8,0.41,7.93,8.50
1780939405,24540,1223323,0,49.8,0.39,7.83,8.76
1780939465,24600,1226314,0,49.8,0.38,7.89,8.76
1780939525,24660,1229305,0,49.8,0.41,8.07,9.18
1780939585,24720,1232296,0,49.8,0.42,8.02,8.47
1780939645,24780,1235287,0,49.8,0.40,7.89,8.36
1780939705,24840,1238278,0,49.8,0.40,7.83,8.25
1780939765,24900,1241269,0,49.8,0.39,7.92,8.53
1780939825,24960,1244260,0,49.8,0.41,8.03,8.76
1780939885,25020,1247251,0,49.8,0.38,7.98,8.55
1780939945,25080,1250242,0,49.8,0.38,7.85,8.40
1780940005,25140,1253233,0,49.8,0.41,7.87,8.42
1780940065,25200,1256224,0,49.8,0.40,7.86,8.42
1780940125,25260,1259215,0,49.8,0.41,7.99,8.51
1780940185,25320,1262206,0,49.8,0.39,7.90,8.27
1780940245,25380,1265197,0,49.8,0.41,7.90,8.75
1780940305,25440,1268188,0,49.8,0.41,7.84,8.63
1780940365,25500,1271179,0,49.8,0.39,7.85,8.39
1780940425,25560,1274170,0,49.8,0.41,7.88,8.35
1780940485,25620,1277161,0,49.8,0.40,7.82,8.46
1780940545,25680,1280152,0,49.8,0.40,7.81,8.29
1780940605,25740,1283144,0,49.8,0.37,7.81,8.23
1780940665,25800,1286135,0,49.8,0.40,7.82,8.31
1780940725,25860,1289126,0,49.8,0.42,7.85,8.50
1780940785,25920,1292117,0,49.8,0.41,7.90,8.86
1780940845,25980,1295108,0,49.8,0.41,7.94,8.86
1780940905,26040,1298099,0,49.8,0.40,7.83,8.34
1780940965,26100,1301090,0,49.8,0.41,7.86,8.25
1780941025,26160,1304081,0,49.8,0.41,7.91,8.52
1780941085,26220,1307072,0,49.8,0.41,7.96,8.28
1780941145,26280,1310063,0,49.8,0.40,7.86,8.37
1780941205,26340,1313054,0,49.8,0.41,7.85,8.40
1780941265,26400,1316045,0,49.8,0.41,7.81,8.41
1780941325,26461,1319037,0,49.8,0.39,7.87,8.47
1780941385,26521,1322028,0,49.8,0.39,7.81,8.28
1780941445,26581,1325019,0,49.8,0.39,7.82,8.44
1780941505,26641,1328010,0,49.8,0.39,7.83,8.32
1780941565,26701,1331001,0,49.8,0.41,7.90,8.37
1780941625,26761,1333992,0,49.8,0.41,8.01,8.60
1780941685,26821,1336983,0,49.8,0.42,7.97,8.63
1780941745,26881,1339974,0,49.8,0.41,7.90,8.27
1780941805,26941,1342965,0,49.8,0.38,7.83,8.52
1780941865,27001,1345956,0,49.8,0.41,7.86,8.53
1780941925,27061,1348947,0,49.8,0.42,7.90,8.53
1780941985,27121,1351938,0,49.8,0.41,7.90,8.44
1780942045,27181,1354929,0,49.8,0.40,7.82,8.44
1780942105,27241,1357920,0,49.8,0.41,8.00,8.35
1780942165,27301,1360911,0,49.8,0.41,7.93,8.48
1780942225,27361,1363902,0,49.8,0.39,7.90,8.45
1780942285,27421,1366893,0,49.8,0.40,7.84,8.41
1780942345,27481,1369884,0,49.8,0.41,7.85,11.30
1780942405,27541,1372875,0,49.8,0.39,7.84,11.30
1780942465,27601,1375866,0,49.8,0.41,7.85,8.35
1780942525,27661,1378857,0,49.8,0.41,7.94,8.50
1780942585,27721,1381848,0,49.8,0.41,7.87,8.58
1780942645,27781,1384839,0,49.8,0.40,7.85,8.32
1780942705,27841,1387830,0,49.8,0.40,7.86,8.43
1780942765,27901,1390821,0,49.8,0.39,7.89,8.31
1780942825,27961,1393812,0,49.8,0.41,7.86,8.36
1780942885,28021,1396803,0,49.8,0.41,7.86,8.40
1780942945,28081,1399794,0,49.8,0.40,7.86,8.40
1780943005,28141,1402785,0,49.8,0.38,7.81,8.44
1780943065,28201,1405776,0,49.8,0.38,7.80,8.25
1780943125,28261,1408767,0,49.8,0.41,8.02,8.51
1780943185,28321,1411758,0,49.8,0.41,7.87,8.41
1780943245,28381,1414749,0,49.8,0.40,7.87,8.60
1780943305,28441,1417740,0,49.8,0.38,7.92,8.55
1780943365,28501,1420732,0,49.8,0.40,7.89,8.42
1780943425,28561,1423723,0,49.8,0.41,7.94,8.31
1780943485,28621,1426715,0,49.8,0.40,7.90,8.36
1780943545,28681,1429707,0,49.8,0.39,7.76,8.32
1780943605,28741,1432698,0,49.8,0.40,7.79,8.32
1780943665,28801,1435689,0,49.8,0.40,7.81,8.32
1780943725,28861,1438680,0,49.8,0.41,7.89,8.64
1780943785,28921,1441671,0,49.8,0.40,7.86,8.42
1780943845,28981,1444662,0,49.8,0.38,7.79,8.59
1780943905,29041,1447653,0,49.8,0.40,7.78,8.26
1780943965,29101,1450644,0,49.8,0.41,7.78,8.23
1780944025,29161,1453635,0,49.8,0.41,7.86,8.51
1780944085,29221,1456627,0,49.8,0.40,7.81,8.18
1780944145,29281,1459618,0,49.8,0.40,7.81,8.50
1780944205,29341,1462609,0,49.8,0.40,7.82,8.22
1780944265,29401,1465600,0,49.8,0.41,7.85,8.44
1780944325,29461,1468591,0,49.8,0.40,7.81,8.47
1780944385,29521,1471583,0,49.8,0.39,7.79,8.33
1780944445,29581,1474574,0,49.8,0.40,7.83,8.35
1780944505,29641,1477565,0,49.8,0.41,7.82,8.43
1780944565,29701,1480556,0,49.8,0.41,7.82,8.27
1780944625,29761,1483547,0,49.8,0.41,7.86,8.60
1780944685,29821,1486538,0,49.8,0.37,7.81,8.25
1780944745,29881,1489529,0,49.8,0.38,7.81,8.37
1780944805,29941,1492520,0,49.8,0.40,7.82,8.28
1780944865,30001,1495511,0,49.8,0.41,7.81,8.27
1780944925,30061,1498502,0,49.8,0.41,7.85,8.43
1780944985,30121,1501493,0,49.8,0.40,7.82,8.39
1780945045,30181,1504484,0,49.8,0.38,7.77,8.31
1780945105,30241,1507475,0,49.8,0.40,7.78,8.34
1780945165,30301,1510466,0,49.8,0.38,7.83,8.33
1780945225,30361,1513457,0,49.8,0.39,7.98,8.48
1780945285,30421,1516448,0,49.8,0.40,7.87,8.59
1780945345,30481,1519440,0,49.8,0.39,7.86,8.53
1780945405,30541,1522432,0,49.8,0.37,7.81,8.85
1780945465,30601,1525423,0,49.8,0.41,7.88,8.50
1780945525,30661,1528414,0,49.8,0.42,7.92,8.42
1780945585,30721,1531405,0,49.8,0.40,7.86,8.49
1780945645,30781,1534396,0,49.8,0.41,7.81,8.49
1780945705,30841,1537387,0,49.8,0.38,7.77,8.41
1780945765,30901,1540378,0,49.8,0.40,7.81,8.31
1780945825,30961,1543369,0,49.8,0.41,7.84,8.24
1780945885,31021,1546360,0,49.8,0.39,7.76,8.20
1780945945,31081,1549352,0,49.8,0.38,7.77,8.36
1780946005,31141,1552343,0,49.8,0.40,7.91,8.52
1780946065,31201,1555334,0,49.8,0.41,7.89,8.30
1780946125,31261,1558325,0,49.8,0.40,7.87,8.56
1780946185,31321,1561316,0,49.8,0.40,7.83,8.99
1780946245,31381,1564307,0,49.8,0.40,7.82,8.42
1780946305,31441,1567298,0,49.8,0.41,7.86,8.43
1780946365,31501,1570290,0,49.8,0.40,7.83,8.28
1780946425,31561,1573281,0,49.8,0.38,7.88,8.36
1780946485,31621,1576272,0,49.8,0.42,7.86,8.36
1780946545,31681,1579263,0,49.8,0.41,7.77,8.48
1780946605,31741,1582254,0,49.8,0.40,7.80,8.48
1780946665,31801,1585245,0,49.8,0.40,7.89,8.26
1780946725,31861,1588236,0,49.8,0.42,7.96,8.47
1780946785,31921,1591227,0,49.8,0.40,7.88,8.44
1780946845,31981,1594218,0,49.8,0.40,7.87,8.62
1780946905,32041,1597209,0,49.8,0.41,7.87,8.51
1780946965,32101,1600200,0,49.8,0.41,7.86,8.51
1780947025,32161,1603191,0,49.8,0.40,7.96,8.83
1780947085,32221,1606182,0,49.8,0.40,7.95,8.46
1780947145,32281,1609173,0,49.8,0.41,7.89,8.57
1780947205,32341,1612164,0,49.8,0.41,7.81,8.54
1780947265,32401,1615155,0,49.8,0.41,7.82,8.34
1780947325,32461,1618146,0,49.8,0.39,7.90,8.59
1780947385,32521,1621137,0,49.8,0.40,7.79,8.36
1780947445,32581,1624128,0,49.8,0.38,7.78,9.01
1780947505,32641,1627119,0,49.8,0.38,7.76,8.24
1780947565,32701,1630110,0,49.8,0.39,7.82,8.40
1780947625,32761,1633101,0,49.8,0.40,7.83,8.42
1780947685,32821,1636092,0,49.8,0.41,7.75,8.38
1780947745,32881,1639083,0,49.8,0.41,7.84,8.31
1780947805,32941,1642074,0,49.8,0.41,7.86,8.29
1780947865,33001,1645065,0,49.8,0.41,7.84,8.21
1780947925,33061,1648056,0,49.8,0.39,7.83,8.74
1780947985,33121,1651047,0,49.8,0.41,7.76,8.22
1780948045,33181,1654038,0,49.8,0.40,7.86,8.36
1780948105,33241,1657029,0,49.8,0.40,7.83,8.47
1780948165,33301,1660020,0,49.8,0.40,7.82,8.24
1780948225,33361,1663011,0,49.8,0.40,7.83,8.63
1780948285,33421,1666002,0,49.8,0.40,7.81,8.52
1780948345,33481,1668993,0,49.8,0.39,7.85,8.53
1780948405,33541,1671984,0,49.8,0.40,7.82,8.38
1780948465,33601,1674975,0,49.8,0.40,7.82,8.21
1780948525,33661,1677966,0,49.8,0.40,7.88,8.50
1780948585,33721,1680957,0,49.8,0.40,7.81,8.50
1780948645,33781,1683948,0,49.8,0.41,7.75,8.24
1780948705,33841,1686940,0,49.8,0.40,7.74,8.69
1780948765,33901,1689931,0,49.8,0.41,7.78,8.69
1780948825,33961,1692922,0,49.8,0.40,7.90,8.44
1780948885,34021,1695913,0,49.8,0.40,7.85,8.42
1780948945,34081,1698904,0,49.8,0.40,7.80,8.97
1780949005,34141,1701895,0,49.8,0.40,7.85,8.27
1780949065,34201,1704886,0,49.8,0.40,7.85,8.32
1780949125,34261,1707877,0,49.8,0.40,7.82,8.32
1780949185,34321,1710868,0,49.8,0.40,7.82,8.38
1780949245,34381,1713859,0,49.8,0.40,7.78,8.28
1780949305,34441,1716850,0,49.8,0.40,7.75,8.25
1780949365,34501,1719841,0,49.8,0.39,7.78,8.44
1780949425,34561,1722832,0,49.8,0.39,7.84,8.35
1780949485,34621,1725823,0,49.8,0.41,7.78,8.31
1780949545,34681,1728814,0,49.8,0.41,7.85,8.36
1780949605,34741,1731805,0,49.8,0.40,7.87,8.36
1780949665,34801,1734796,0,49.8,0.40,7.84,8.49
1780949725,34861,1737787,0,49.8,0.40,7.85,8.46
1780949785,34921,1740778,0,49.8,0.41,7.86,8.28
1780949845,34981,1743769,0,49.8,0.42,7.82,8.30
1780949905,35041,1746760,0,49.8,0.41,7.83,8.31
1780949965,35101,1749751,0,49.8,0.41,7.86,8.26
1780950025,35161,1752742,0,49.8,0.41,7.91,8.40
1780950085,35221,1755733,0,49.8,0.41,7.94,8.28
1780950145,35281,1758724,0,49.8,0.39,7.98,8.28
1780950205,35341,1761715,0,49.8,0.40,7.87,8.36
1780950265,35401,1764706,0,49.8,0.40,7.90,8.52
1780950325,35461,1767697,0,49.8,0.41,7.90,8.56
1780950385,35521,1770688,0,49.8,0.41,7.89,8.24
1780950445,35581,1773679,0,49.8,0.41,7.81,8.35
1780950505,35641,1776670,0,49.8,0.40,7.85,8.29
1780950565,35701,1779661,0,49.8,0.40,7.85,8.30
1780950625,35761,1782652,0,49.8,0.41,7.98,8.41
1780950685,35821,1785643,0,49.8,0.40,7.94,8.59
1780950745,35881,1788634,0,49.8,0.39,7.89,8.32
1780950805,35941,1791625,0,49.8,0.41,7.91,8.34
1780950865,36001,1794616,0,49.8,0.40,7.89,8.29
1780950925,36061,1797607,0,49.8,0.39,7.86,8.54
1780950985,36121,1800598,0,49.8,0.40,7.85,8.47
1780951045,36181,1803589,0,49.8,0.41,7.90,8.40
1780951105,36241,1806580,0,49.8,0.41,7.95,8.40
1780951165,36301,1809571,0,49.8,0.41,7.81,8.40
1780951225,36361,1812562,0,49.8,0.41,7.87,8.47
1780951285,36421,1815553,0,49.8,0.41,7.81,8.35
1780951345,36481,1818544,0,49.8,0.41,7.84,8.42
1780951405,36541,1821535,0,49.8,0.41,7.92,8.30
1780951465,36601,1824526,0,49.8,0.41,7.97,8.30
1780951525,36661,1827517,0,49.8,0.41,7.81,8.43
1780951585,36721,1830508,0,49.8,0.41,7.76,8.26
1780951645,36781,1833499,0,49.8,0.40,7.80,8.24
1780951705,36841,1836490,0,49.8,0.40,7.80,8.29
1780951765,36901,1839481,0,49.8,0.37,7.80,8.27
1780951825,36961,1842472,0,49.8,0.41,7.85,8.59
1780951885,37021,1845463,0,49.8,0.41,7.79,8.44
1780951945,37081,1848454,0,49.8,0.40,7.78,8.35
1780952005,37141,1851445,0,49.8,0.40,7.77,8.25
1780952065,37201,1854436,0,49.8,0.41,7.78,8.33
1780952125,37261,1857428,0,49.8,0.38,7.84,8.37
1780952185,37321,1860419,0,49.8,0.39,7.89,8.64
1780952245,37381,1863411,0,49.8,0.39,7.75,8.64
1780952305,37441,1866402,0,49.8,0.40,7.81,8.33
1780952365,37501,1869393,0,49.8,0.40,7.84,8.64
1780952425,37561,1872384,0,49.8,0.41,7.96,8.49
1780952485,37621,1875375,0,49.8,0.41,7.96,8.89
1780952545,37681,1878366,0,49.8,0.41,7.91,8.49
1780952605,37741,1881357,0,49.8,0.41,7.79,8.19
1780952665,37801,1884348,0,49.8,0.39,7.79,8.44
1780952725,37861,1887339,0,49.8,0.41,7.87,8.42
1780952785,37921,1890330,0,49.8,0.39,7.78,8.44
1780952845,37981,1893321,0,49.8,0.39,7.79,8.44
1780952905,38041,1896312,0,49.8,0.41,7.83,8.38
1780952965,38101,1899303,0,49.8,0.38,7.82,8.48
1780953025,38161,1902294,0,49.8,0.38,7.83,8.44
1780953085,38221,1905285,0,49.8,0.40,7.87,8.58
1780953145,38281,1908276,0,49.8,0.40,7.88,8.61
1780953205,38341,1911267,0,49.8,0.42,7.94,8.61
1780953265,38401,1914258,0,49.8,0.42,7.93,8.42
1780953325,38461,1917249,0,49.8,0.42,7.88,8.44
1780953385,38521,1920240,0,49.8,0.40,7.88,8.96
1780953445,38581,1923231,0,49.8,0.40,7.81,8.96
1780953505,38641,1926222,0,49.8,0.39,7.78,8.31
1780953565,38701,1929213,0,49.8,0.39,7.82,8.12
1780953625,38761,1932204,0,49.8,0.41,7.89,8.66
1780953685,38821,1935195,0,49.8,0.41,7.89,8.42
1780953745,38881,1938186,0,49.8,0.41,7.88,8.37
1780953805,38941,1941177,0,49.8,0.40,7.88,8.47
1780953865,39001,1944168,0,49.8,0.40,7.88,8.47
1780953925,39061,1947159,0,49.8,0.41,7.92,8.67
1780953985,39121,1950151,0,49.8,0.39,7.90,8.24
1780954045,39181,1953143,0,49.8,0.39,7.79,8.19
1780954105,39241,1956135,0,49.8,0.38,7.83,8.48
1780954165,39301,1959126,0,49.8,0.38,7.85,8.28
1780954225,39361,1962117,0,49.8,0.41,7.94,8.75
1780954285,39421,1965108,0,49.8,0.40,7.88,8.75
1780954345,39481,1968099,0,49.8,0.40,7.83,8.17
1780954405,39541,1971090,0,49.8,0.39,7.80,8.33
1780954465,39601,1974081,0,49.8,0.40,7.82,8.36
1780954525,39661,1977072,0,49.8,0.39,7.87,8.35
1780954585,39721,1980063,0,49.8,0.41,7.83,8.31
1780954645,39781,1983054,0,49.8,0.39,7.87,8.49
1780954705,39841,1986045,0,49.8,0.42,7.90,8.40
1780954766,39901,1989036,0,49.8,0.43,8.33,8.89
1780954826,39961,1992027,0,49.8,0.42,7.93,8.67
1780954886,40021,1995018,0,49.8,0.42,7.85,8.38
1780954946,40081,1998009,0,49.8,0.39,7.82,8.23
1780955006,40141,2001000,0,49.8,0.40,7.85,8.34
1780955066,40201,2003991,0,49.8,0.39,7.84,8.83
1780955126,40261,2006982,0,49.8,0.40,7.86,8.27
1780955186,40321,2009973,0,49.8,0.40,7.83,8.24
1780955246,40381,2012964,0,49.8,0.41,7.84,8.28
1780955306,40441,2015955,0,49.8,0.41,7.86,8.41
1780955366,40501,2018946,0,49.8,0.42,7.88,8.50
1780955426,40561,2021937,0,49.8,0.42,7.90,8.50
1780955486,40621,2024928,0,49.8,0.41,7.85,8.51
1780955546,40681,2027919,0,49.8,0.40,7.93,8.45
1780955606,40741,2030910,0,49.8,0.39,8.32,8.82
1780955666,40801,2033901,0,49.8,0.38,7.88,8.45
1780955726,40861,2036892,0,49.8,0.41,7.92,8.48
1780955786,40921,2039883,0,49.8,0.40,7.87,8.49
1780955846,40981,2042874,0,49.8,0.41,7.83,8.30
1780955906,41041,2045865,0,49.8,0.39,7.85,8.60
1780955966,41101,2048856,0,49.8,0.39,7.86,8.60
1780956026,41161,2051847,0,49.8,0.41,7.95,8.42
1780956086,41221,2054838,0,49.8,0.40,7.85,8.42
1780956146,41281,2057829,0,49.8,0.40,7.82,8.33
1780956206,41341,2060820,0,49.8,0.40,7.82,8.38
1780956266,41401,2063811,0,49.8,0.39,7.80,8.46
1780956326,41461,2066802,0,49.8,0.40,7.88,8.80
1780956386,41521,2069793,0,49.8,0.41,7.98,8.80
1780956446,41581,2072784,0,49.8,0.43,7.95,8.44
1780956506,41641,2075775,0,49.8,0.40,7.85,8.35
1780956566,41701,2078766,0,49.8,0.39,7.93,8.39
1780956626,41761,2081757,0,49.8,0.41,8.00,9.02
1780956686,41821,2084748,0,49.8,0.41,8.01,9.02
1780956746,41881,2087739,0,49.8,0.40,7.95,8.29
1780956806,41941,2090730,0,49.8,0.41,7.95,8.33
1780956866,42001,2093721,0,49.8,0.41,7.95,8.45
1780956926,42061,2096712,0,49.8,0.41,7.99,8.47
1780956986,42121,2099703,0,49.8,0.40,7.94,9.08
1780957046,42181,2102694,0,49.8,0.41,7.99,8.60
1780957106,42241,2105685,0,49.8,0.40,7.90,8.48
1780957166,42301,2108676,0,49.8,0.40,7.89,8.48
1780957226,42361,2111667,0,49.8,0.41,7.95,8.41
1780957286,42421,2114658,0,49.8,0.41,7.92,8.41
1780957346,42481,2117649,0,49.8,0.41,7.88,8.42
1780957406,42541,2120640,0,49.8,0.40,7.86,8.34
1780957466,42601,2123631,0,49.8,0.38,7.89,8.44
1780957526,42661,2126622,0,49.8,0.41,7.92,8.87
1780957586,42721,2129613,0,49.8,0.41,7.89,8.40
1780957646,42781,2132604,0,49.8,0.41,7.95,8.48
1780957706,42841,2135595,0,49.8,0.41,7.91,8.59
1780957766,42901,2138586,0,49.8,0.41,7.93,8.51
1780957826,42961,2141577,0,49.8,0.41,8.01,8.53
1780957886,43021,2144568,0,49.8,0.41,7.94,9.01
1780957946,43081,2147560,0,49.8,0.39,7.86,8.37
1780958006,43141,2150551,0,49.8,0.39,7.82,8.35
1780958066,43201,2153542,0,49.8,0.40,7.85,8.51
1780958126,43261,2156533,0,49.8,0.42,7.92,8.46
1780958186,43321,2159524,0,49.8,0.42,7.86,8.48
1780958246,43381,2162515,0,49.8,0.41,7.89,8.93
1780958306,43441,2165506,0,49.8,0.42,7.92,8.93
1780958366,43501,2168497,0,49.8,0.42,7.96,8.63
1780958426,43561,2171488,0,49.8,0.42,7.97,8.63
1780958486,43621,2174479,0,49.8,0.39,7.95,8.58
1780958546,43681,2177470,0,49.8,0.38,8.02,8.52
1780958606,43741,2180461,0,49.8,0.42,7.92,8.31
1780958666,43801,2183452,0,49.8,0.38,7.89,8.44
1780958726,43861,2186443,0,49.8,0.39,7.90,8.66
1780958786,43921,2189434,0,49.8,0.41,7.86,8.30
1780958846,43981,2192425,0,49.8,0.41,7.89,8.40
1780958906,44041,2195416,0,49.8,0.41,7.86,8.39
1780958966,44101,2198407,0,49.8,0.40,7.80,8.31
1780959026,44161,2201398,0,49.8,0.42,7.92,8.61
1780959086,44221,2204389,0,49.8,0.41,7.83,8.36
1780959146,44281,2207380,0,49.8,0.41,7.85,8.56
1780959206,44341,2210371,0,49.8,0.41,7.84,8.34
1780959266,44401,2213362,0,49.8,0.41,7.85,8.46
1780959326,44461,2216353,0,49.8,0.41,7.92,8.56
1780959386,44521,2219344,0,49.8,0.41,7.85,8.34
1780959446,44581,2222335,0,49.8,0.41,7.86,8.27
1780959506,44641,2225326,0,49.8,0.41,7.87,8.41
1780959566,44701,2228317,0,49.8,0.41,7.88,8.60
1780959626,44761,2231308,0,49.8,0.41,7.94,8.46
1780959686,44821,2234299,0,49.8,0.41,7.90,8.50
1780959746,44881,2237290,0,49.8,0.41,7.89,8.51
1780959806,44941,2240281,0,49.8,0.41,7.93,8.53
1780959866,45001,2243272,0,49.8,0.41,7.87,8.41
1780959926,45061,2246263,0,49.8,0.42,7.91,8.47
1780959986,45121,2249254,0,49.8,0.41,7.93,8.38
1780960046,45181,2252245,0,49.8,0.40,7.89,8.67
1780960106,45241,2255236,0,49.8,0.41,7.86,8.40
1780960166,45301,2258227,0,49.8,0.40,7.87,8.39
1780960226,45361,2261218,0,49.8,0.41,7.98,8.67
1780960286,45421,2264209,0,49.8,0.41,7.94,8.37
1780960346,45481,2267200,0,49.8,0.40,7.90,8.47
1780960406,45541,2270191,0,49.8,0.39,7.92,8.47
1780960466,45601,2273182,0,49.8,0.38,7.90,8.57
1780960526,45661,2276173,0,49.8,0.38,7.91,8.51
1780960586,45721,2279164,0,49.8,0.40,7.95,8.31
1780960646,45781,2282155,0,49.8,0.41,7.94,8.39
1780960706,45841,2285146,0,49.8,0.41,7.91,8.43
1780960766,45901,2288137,0,49.8,0.40,7.87,8.21
1780960826,45961,2291128,0,49.8,0.40,7.91,8.53
1780960886,46021,2294119,0,49.8,0.41,7.85,8.44
1780960946,46081,2297110,0,49.8,0.41,7.93,8.60
1780961006,46141,2300101,0,49.8,0.41,7.89,8.52
1780961066,46201,2303092,0,49.8,0.41,7.86,8.45
1780961126,46261,2306083,0,49.8,0.43,7.91,8.43
1780961186,46321,2309074,0,49.8,0.38,7.85,8.43
1780961246,46381,2312065,0,49.8,0.39,7.84,8.34
1780961306,46441,2315056,0,49.8,0.39,7.89,8.67
1780961366,46501,2318047,0,49.8,0.42,7.92,8.39
1780961426,46561,2321038,0,49.8,0.41,7.98,8.70
1780961486,46621,2324029,0,49.8,0.40,7.87,8.33
1780961546,46681,2327020,0,49.8,0.38,7.88,8.37
1780961606,46741,2330011,0,49.8,0.40,7.92,8.43
1780961666,46801,2333002,0,49.8,0.41,7.87,8.50
1780961726,46861,2335993,0,49.8,0.41,7.86,8.42
1780961786,46921,2338984,0,49.8,0.41,7.87,8.37
1780961846,46981,2341975,0,49.8,0.41,7.84,8.52
1780961906,47041,2344966,0,49.8,0.40,7.84,8.33
1780961966,47101,2347957,0,49.8,0.38,7.84,8.42
1780962026,47161,2350948,0,49.8,0.41,7.90,8.57
1780962086,47221,2353939,0,49.8,0.40,7.85,8.36
1780962146,47281,2356930,0,49.8,0.40,7.87,8.33
1780962206,47341,2359921,0,49.8,0.40,7.87,8.78
1780962266,47401,2362912,0,49.8,0.41,7.86,8.78
1780962326,47461,2365903,0,49.8,0.40,7.86,8.58
1780962386,47521,2368894,0,49.8,0.39,7.83,8.56
1780962446,47581,2371885,0,49.8,0.40,7.88,8.42
1780962506,47641,2374876,0,49.8,0.41,7.87,8.36
1780962566,47701,2377867,0,49.8,0.38,7.82,8.24
1780962626,47761,2380858,0,49.8,0.41,7.93,8.55
1780962686,47821,2383849,0,49.8,0.39,7.85,8.41
1780962746,47881,2386840,0,49.8,0.41,7.90,8.49
1780962806,47941,2389831,0,49.8,0.40,7.95,8.49
1780962866,48001,2392822,0,49.8,0.41,7.93,8.33
1780962926,48061,2395813,0,49.8,0.42,7.94,8.37
1780962986,48121,2398804,0,49.8,0.42,7.97,8.44
1780963046,48181,2401795,0,49.8,0.41,7.90,8.55
1780963106,48241,2404786,0,49.8,0.41,7.91,8.38
1780963166,48301,2407777,0,49.8,0.41,7.88,8.46
1780963226,48361,2410768,0,49.8,0.41,8.01,8.58
1780963286,48421,2413759,0,49.8,0.39,7.87,8.33
1780963346,48481,2416750,0,49.8,0.42,7.89,8.33
1780963406,48541,2419741,0,49.8,0.41,7.89,8.46
1780963466,48601,2422732,0,49.8,0.40,7.90,8.40
1780963526,48661,2425723,0,49.8,0.41,7.88,8.47
1780963586,48721,2428714,0,49.8,0.40,7.82,8.35
1780963646,48781,2431705,0,49.8,0.40,7.85,8.41
1780963706,48841,2434696,0,49.8,0.41,7.86,8.41
1780963766,48901,2437688,0,49.8,0.39,7.86,8.52
1780963826,48961,2440679,0,49.8,0.41,7.91,8.57
1780963886,49021,2443670,0,49.8,0.41,7.85,8.38
1780963946,49081,2446661,0,49.8,0.40,7.87,8.40
1780964006,49141,2449652,0,49.8,0.41,7.82,8.57
1780964066,49201,2452643,0,49.8,0.41,7.85,8.30
1780964126,49261,2455634,0,49.8,0.40,7.91,8.65
1780964186,49321,2458626,0,49.8,0.37,7.84,8.59
1780964246,49381,2461617,0,49.8,0.39,7.81,8.30
1780964306,49441,2464608,0,49.8,0.40,7.80,8.21
1780964366,49501,2467599,0,49.8,0.41,7.82,8.42
1780964426,49561,2470590,0,49.8,0.40,7.88,8.62
1780964486,49621,2473581,0,49.8,0.40,7.84,8.40
1780964546,49681,2476572,0,49.8,0.41,7.86,8.38
1780964606,49741,2479563,0,49.8,0.40,7.86,8.30
1780964666,49801,2482554,0,49.8,0.40,7.84,8.33
1780964726,49861,2485545,0,49.8,0.41,7.88,8.41
1780964786,49921,2488536,0,49.8,0.40,7.81,8.48
1780964846,49981,2491527,0,49.8,0.40,7.90,8.28
1780964906,50041,2494518,0,49.8,0.40,7.81,8.48
1780964966,50101,2497509,0,49.8,0.41,7.89,8.44
1780965026,50161,2500500,0,49.8,0.43,7.99,8.90
1780965086,50221,2503491,0,49.8,0.40,7.91,8.41
1780965146,50281,2506482,0,49.8,0.40,7.85,8.35
1780965206,50341,2509473,0,49.8,0.40,7.80,8.27
1780965266,50401,2512464,0,49.8,0.40,7.87,8.59
1780965326,50461,2515455,0,49.8,0.40,7.88,8.91
1780965386,50521,2518446,0,49.8,0.38,7.79,8.25
1780965446,50582,2521438,0,49.8,0.37,7.78,8.26
1780965506,50642,2524429,0,49.8,0.39,7.86,8.34
1780965566,50702,2527420,0,49.8,0.41,7.88,8.20
1780965626,50762,2530411,0,49.8,0.41,7.90,8.56
1780965686,50822,2533403,0,49.8,0.41,7.84,8.59
1780965746,50882,2536394,0,49.8,0.41,7.93,8.43
1780965806,50942,2539385,0,49.8,0.41,7.87,8.27
1780965866,51002,2542376,0,49.8,0.41,7.83,8.40
1780965926,51062,2545367,0,49.8,0.41,7.87,8.59
1780965986,51122,2548358,0,49.8,0.42,8.00,9.04
1780966046,51182,2551349,0,49.8,0.40,7.95,9.04
1780966106,51242,2554340,0,49.8,0.40,7.88,8.37
1780966166,51302,2557331,0,49.8,0.41,7.90,8.62
1780966226,51362,2560322,0,49.8,0.41,7.89,8.58
1780966286,51422,2563313,0,49.8,0.41,7.93,8.80
1780966346,51482,2566304,0,49.8,0.40,7.92,8.35
1780966406,51542,2569295,0,49.8,0.41,7.91,9.00
1780966466,51602,2572286,0,49.8,0.41,7.93,9.00
1780966526,51662,2575277,0,49.8,0.42,7.97,8.63
1780966586,51722,2578268,0,49.8,0.41,8.00,8.63
1780966646,51782,2581259,0,49.8,0.43,8.08,8.46
1780966706,51842,2584250,0,49.8,0.42,8.11,8.71
1780966766,51902,2587241,0,49.8,0.38,8.04,8.71
1780966826,51962,2590232,0,49.8,0.41,8.03,8.59
1780966886,52022,2593223,0,49.8,0.41,7.97,8.72
1780966946,52082,2596214,0,49.8,0.42,7.97,8.41
1780967006,52142,2599205,0,49.8,0.41,8.01,8.47
1780967066,52202,2602196,0,49.8,0.42,8.00,8.42
1780967126,52262,2605187,0,49.8,0.42,8.02,8.43
1780967186,52322,2608178,0,49.8,0.42,7.99,8.57
1780967246,52382,2611169,0,49.8,0.42,8.02,8.58
1780967306,52442,2614160,0,49.8,0.40,7.98,8.58
1780967366,52502,2617151,0,49.8,0.42,7.94,8.62
1780967426,52562,2620142,0,49.8,0.41,7.96,8.62
1780967486,52622,2623133,0,49.8,0.41,7.94,8.35
1780967546,52682,2626124,0,49.8,0.42,7.90,8.69
1780967606,52742,2629115,0,49.8,0.42,7.96,8.39
1780967666,52802,2632106,0,49.8,0.42,7.96,8.74
1780967726,52862,2635097,0,49.8,0.40,7.95,8.51
1780967786,52922,2638088,0,49.8,0.42,7.88,8.46
1780967846,52982,2641079,0,49.8,0.42,7.96,8.37
1780967906,53042,2644070,0,49.8,0.42,7.88,8.35
1780967966,53102,2647061,0,49.8,0.41,7.87,8.19
1780968026,53162,2650052,0,49.8,0.38,7.91,8.46
1780968086,53222,2653043,0,49.8,0.40,7.89,8.42
1780968146,53282,2656034,0,49.8,0.38,7.87,8.71
1780968206,53342,2659025,0,49.8,0.40,7.95,8.68
1780968266,53402,2662016,0,49.8,0.42,7.96,8.68
1780968326,53462,2665007,0,49.8,0.42,8.02,8.71
1780968386,53522,2667998,0,49.8,0.44,8.04,8.89
1780968446,53582,2670989,0,49.8,0.43,8.00,8.83
1780968506,53642,2673980,0,49.8,0.42,7.99,8.47
1780968566,53702,2676971,0,49.8,0.41,7.99,8.63
1780968626,53762,2679962,0,49.8,0.42,8.10,8.73
1780968686,53822,2682953,0,49.8,0.38,7.91,8.47
1780968746,53882,2685944,0,49.8,0.39,7.83,8.27
1780968806,53942,2688935,0,49.8,0.42,7.95,8.36
1780968866,54002,2691926,0,49.8,0.41,7.90,8.50
1780968926,54062,2694917,0,49.8,0.41,7.94,8.50
1780968986,54122,2697908,0,49.8,0.41,7.93,8.50
1780969046,54182,2700899,0,49.8,0.42,7.96,8.47
1780969106,54242,2703890,0,49.8,0.41,7.91,8.44
1780969166,54302,2706881,0,49.8,0.42,7.92,8.44
1780969226,54362,2709872,0,49.8,0.41,7.97,8.59
1780969286,54422,2712863,0,49.8,0.40,7.93,8.61
1780969346,54482,2715854,0,49.8,0.41,7.88,8.61
1780969406,54542,2718845,0,49.8,0.41,7.84,8.32
1780969466,54602,2721836,0,49.8,0.41,7.82,8.31
1780969526,54662,2724827,0,49.8,0.42,7.90,8.50
1780969586,54722,2727818,0,49.8,0.38,7.85,8.28
1780969646,54782,2730809,0,49.8,0.40,7.89,8.71
1780969706,54842,2733800,0,49.8,0.40,7.87,8.66
1780969766,54902,2736791,0,49.8,0.40,7.96,8.44
1780969826,54962,2739782,0,49.8,0.40,8.08,8.62
1780969886,55022,2742773,0,49.8,0.41,8.06,8.50
1780969946,55082,2745764,0,49.8,0.39,7.96,8.43
1780970006,55142,2748755,0,49.8,0.39,7.89,8.40
1780970066,55202,2751746,0,49.8,0.39,7.86,8.55
1780970126,55262,2754737,0,49.8,0.40,7.87,8.43
1780970186,55322,2757728,0,49.8,0.41,7.79,8.25
1780970246,55382,2760719,0,49.8,0.41,7.84,8.44
1780970306,55442,2763710,0,49.8,0.40,7.91,8.90
1780970366,55502,2766701,0,49.8,0.40,8.03,8.90
1780970426,55562,2769692,0,49.8,0.44,8.12,8.73
1780970486,55622,2772683,0,49.8,0.41,7.99,8.41
1780970546,55682,2775674,0,49.8,0.41,7.93,9.10
1780970606,55742,2778665,0,49.8,0.41,7.93,8.85
1780970666,55802,2781656,0,49.8,0.40,7.94,8.85
1780970726,55862,2784647,0,49.8,0.41,7.94,8.61
1780970786,55922,2787638,0,49.8,0.40,7.89,8.38
1780970846,55982,2790630,0,49.8,0.39,7.88,8.43
1780970906,56042,2793621,0,49.8,0.40,7.91,8.73
1780970966,56102,2796612,0,49.8,0.41,7.95,8.31
1780971026,56162,2799603,0,49.8,0.42,7.97,8.61
1780971086,56222,2802594,0,49.8,0.41,7.95,9.11
1780971146,56282,2805585,0,49.8,0.41,7.95,9.11
1780971206,56342,2808576,0,49.8,0.42,7.92,8.36
1780971266,56402,2811567,0,49.8,0.41,7.91,8.42
1780971326,56462,2814558,0,49.8,0.39,7.91,8.32
1780971386,56522,2817549,0,49.8,0.42,7.94,8.24
1780971446,56582,2820540,0,49.8,0.40,7.97,8.70
1780971506,56642,2823531,0,49.8,0.41,7.97,8.42
1780971566,56702,2826522,0,49.8,0.41,7.94,8.31
1780971626,56762,2829513,0,49.8,0.41,7.95,8.46
1780971686,56822,2832504,0,49.8,0.43,7.95,8.32
1780971746,56882,2835495,0,49.8,0.42,7.93,8.35
1780971806,56942,2838486,0,49.8,0.39,7.86,8.26
1780971866,57002,2841477,0,49.8,0.40,7.84,8.20
1780971926,57062,2844468,0,49.8,0.41,7.89,8.31
1780971986,57122,2847459,0,49.8,0.39,7.85,8.43
1780972046,57182,2850450,0,49.8,0.40,7.89,8.57
1780972106,57242,2853441,0,49.8,0.42,7.86,8.57
1780972166,57302,2856432,0,49.8,0.42,7.86,8.51
1780972226,57362,2859423,0,49.8,0.41,7.94,8.62
1780972286,57422,2862414,0,49.8,0.41,7.91,8.37
1780972346,57482,2865405,0,49.8,0.39,7.80,8.40
1780972406,57542,2868396,0,49.8,0.41,7.83,8.62
1780972466,57602,2871387,0,49.8,0.42,7.89,8.62
1780972526,57662,2874378,0,49.8,0.40,7.93,8.46
1780972586,57722,2877369,0,49.8,0.40,7.86,8.38
1780972646,57782,2880360,0,49.8,0.39,7.90,8.32
1780972706,57842,2883351,0,49.8,0.40,7.84,8.36
1780972766,57902,2886342,0,49.8,0.40,7.87,8.23
1780972826,57962,2889333,0,49.8,0.40,7.94,8.53
1780972886,58022,2892324,0,49.8,0.41,7.94,8.46
1780972946,58082,2895315,0,49.8,0.38,7.86,8.32
1780973006,58142,2898306,0,49.8,0.40,7.86,8.30
1780973066,58202,2901297,0,49.8,0.41,7.89,8.80
1780973126,58262,2904288,0,49.8,0.40,7.93,8.80
1780973186,58322,2907279,0,49.8,0.41,7.89,8.33
1780973246,58382,2910270,0,49.8,0.41,7.87,8.23
1780973306,58442,2913261,0,49.8,0.41,7.87,8.51
1780973366,58502,2916252,0,49.8,0.40,7.78,8.39
1780973426,58562,2919243,0,49.8,0.40,7.92,8.39
1780973486,58622,2922234,0,49.8,0.41,7.84,8.31
1780973546,58682,2925225,0,49.8,0.42,7.86,8.31
1780973606,58742,2928216,0,49.8,0.41,7.86,8.31
1780973666,58802,2931207,0,49.8,0.39,7.86,8.37
1780973726,58862,2934198,0,49.8,0.41,7.92,8.32
1780973786,58922,2937189,0,49.8,0.41,7.83,8.21
1780973846,58982,2940180,0,49.8,0.40,7.83,8.21
1780973906,59042,2943171,0,49.8,0.41,7.82,8.37
1780973966,59102,2946162,0,49.8,0.40,7.90,8.37
1780974026,59162,2949153,0,49.8,0.42,7.93,8.35
1780974086,59222,2952144,0,49.8,0.41,7.91,8.29
1780974146,59282,2955135,0,49.8,0.38,7.89,8.43
1780974206,59342,2958126,0,49.8,0.40,7.89,8.45
1780974266,59402,2961117,0,49.8,0.40,7.88,8.45
1780974326,59462,2964108,0,49.8,0.41,7.88,8.37
1780974386,59522,2967099,0,49.8,0.42,7.87,8.19
1780974446,59582,2970090,0,49.8,0.41,7.87,8.42
1780974506,59642,2973081,0,49.8,0.40,7.83,8.49
1780974566,59702,2976072,0,49.8,0.41,7.82,8.49
1780974626,59762,2979063,0,49.8,0.39,7.91,8.57
1780974686,59822,2982054,0,49.8,0.42,7.91,8.41
1780974746,59882,2985045,0,49.8,0.40,7.85,8.31
1780974806,59942,2988036,0,49.8,0.40,7.88,8.29
1780974866,60002,2991027,0,49.8,0.40,7.84,9.03
1780974926,60062,2994018,0,49.8,0.41,7.91,9.03
1780974986,60122,2997009,0,49.8,0.42,7.87,8.47
1780975046,60182,3000000,0,49.8,0.41,7.87,8.26
1780975106,60242,3002991,0,49.8,0.42,7.88,8.64
1780975166,60302,3005982,0,49.8,0.41,7.89,8.64
1780975226,60362,3008973,0,49.8,0.41,7.95,8.40
1780975286,60422,3011964,0,49.8,0.41,7.94,8.21
1780975346,60482,3014955,0,49.8,0.42,7.99,8.39
1780975406,60542,3017946,0,49.8,0.40,7.94,8.29
1780975466,60602,3020937,0,49.8,0.41,7.93,8.31
1780975526,60662,3023928,0,49.8,0.39,7.97,8.46
1780975586,60722,3026919,0,49.8,0.39,7.86,8.34
1780975646,60782,3029910,0,49.8,0.40,7.85,8.34
1780975706,60842,3032901,0,49.8,0.39,7.85,8.27
1780975766,60902,3035892,0,49.8,0.39,7.84,8.43
1780975826,60962,3038883,0,49.8,0.38,7.96,8.41
1780975886,61022,3041874,0,49.8,0.39,7.87,8.26
1780975946,61082,3044865,0,49.8,0.39,7.84,9.12
1780976006,61142,3047856,0,49.8,0.40,7.83,9.12
1780976066,61202,3050847,0,49.8,0.41,7.84,8.53
1780976126,61262,3053838,0,49.8,0.41,7.93,8.35
1780976186,61322,3056829,0,49.8,0.41,7.83,8.22
1780976246,61382,3059820,0,49.8,0.41,7.87,8.30
1780976306,61442,3062811,0,49.8,0.40,7.85,8.48
1780976366,61502,3065802,0,49.8,0.41,7.82,8.85
1780976426,61562,3068793,0,49.8,0.40,7.89,8.85
1780976486,61622,3071785,0,49.8,0.40,7.83,8.26
1780976546,61682,3074776,0,49.8,0.39,7.79,8.27
1780976606,61742,3077767,0,49.8,0.42,7.81,8.24
1780976666,61802,3080758,0,49.8,0.41,7.86,8.68
1780976726,61862,3083749,0,49.8,0.39,8.12,8.88
1780976786,61922,3086740,0,49.8,0.41,7.98,8.46
1780976846,61982,3089731,0,49.8,0.42,7.95,8.42
1780976906,62042,3092722,0,49.8,0.42,7.91,8.55
1780976966,62102,3095713,0,49.8,0.41,7.87,8.30
1780977026,62162,3098704,0,49.8,0.39,7.86,8.69
1780977086,62222,3101695,0,49.8,0.41,7.91,8.69
1780977146,62282,3104686,0,49.8,0.39,7.86,8.32
1780977206,62342,3107677,0,49.8,0.40,7.88,8.51
1780977266,62402,3110668,0,49.8,0.39,7.91,8.74
1780977326,62462,3113659,0,49.8,0.41,7.96,8.34
1780977386,62522,3116650,0,49.8,0.41,7.93,8.76
1780977446,62582,3119641,0,49.8,0.41,8.00,8.77
1780977506,62642,3122632,0,49.8,0.40,8.00,8.45
1780977566,62702,3125623,0,49.8,0.41,7.95,8.59
1780977626,62762,3128614,0,49.8,0.40,7.95,8.59
1780977686,62822,3131605,0,49.8,0.40,7.96,9.00
1780977746,62882,3134596,0,49.8,0.40,7.92,9.00
1780977806,62942,3137587,0,49.8,0.41,7.93,8.36
1780977866,63002,3140578,0,49.8,0.41,7.89,8.36
1780977926,63062,3143569,0,49.8,0.38,7.89,8.31
1780977986,63122,3146560,0,49.8,0.39,7.84,8.71
1780978046,63182,3149551,0,49.8,0.40,7.87,8.94
1780978106,63242,3152542,0,49.8,0.40,7.88,8.34
1780978166,63302,3155533,0,49.8,0.43,7.93,8.75
1780978226,63362,3158524,0,49.8,0.42,7.99,8.75
1780978286,63422,3161515,0,49.8,0.40,7.93,8.39
1780978346,63482,3164506,0,49.8,0.41,7.88,8.51
1780978406,63542,3167497,0,49.8,0.40,7.89,8.51
1780978466,63602,3170488,0,49.8,0.40,7.92,8.44
1780978526,63662,3173479,0,49.8,0.42,7.98,8.35
1780978586,63722,3176470,0,49.8,0.41,7.91,8.29
1780978646,63782,3179461,0,49.8,0.40,7.86,8.29
1780978706,63842,3182452,0,49.8,0.40,7.84,8.49
1780978766,63902,3185443,0,49.8,0.40,7.83,8.12
1780978826,63962,3188434,0,49.8,0.39,7.86,8.66
1780978886,64022,3191425,0,49.8,0.41,7.90,8.66
1780978946,64082,3194416,0,49.8,0.40,7.91,8.53
1780979006,64142,3197407,0,49.8,0.41,7.88,8.34
1780979066,64202,3200398,0,49.8,0.40,7.84,8.29
1780979126,64262,3203389,0,49.8,0.39,7.90,8.40
1780979186,64322,3206380,0,49.8,0.41,7.83,8.40
1780979246,64382,3209371,0,49.8,0.41,7.90,8.28
1780979306,64442,3212362,0,49.8,0.41,7.85,8.74
1780979366,64502,3215353,0,49.8,0.41,7.84,8.36
1780979426,64562,3218344,0,49.8,0.42,7.91,8.79
1780979486,64622,3221335,0,49.8,0.41,7.84,8.79
1780979546,64682,3224326,0,49.8,0.39,7.80,8.67
1780979606,64742,3227317,0,49.8,0.41,7.79,8.24
1780979666,64802,3230308,0,49.8,0.39,7.76,8.27
1780979726,64862,3233299,0,49.8,0.41,7.82,8.36
1780979786,64922,3236290,0,49.8,0.39,7.79,8.24
1780979846,64982,3239281,0,49.8,0.41,7.91,8.40
1780979906,65042,3242272,0,49.8,0.42,7.93,8.62
1780979967,65102,3245263,0,49.8,0.40,7.85,8.68
1780980027,65162,3248254,0,49.8,0.38,7.80,8.68
1780980087,65222,3251245,0,49.8,0.40,7.84,8.33
1780980147,65282,3254236,0,49.8,0.42,7.83,8.50
1780980207,65342,3257227,0,49.8,0.41,7.87,8.18
1780980267,65402,3260218,0,49.8,0.41,7.86,8.43
1780980327,65462,3263209,0,49.8,0.41,8.00,8.59
1780980387,65522,3266200,0,49.8,0.41,7.93,8.59
1780980447,65582,3269191,0,49.8,0.40,7.82,8.34
1780980507,65642,3272183,0,49.8,0.38,7.78,8.36
1780980567,65702,3275174,0,49.8,0.41,7.81,8.36
1780980627,65762,3278165,0,49.8,0.41,7.85,8.51
1780980687,65822,3281156,0,49.8,0.40,8.27,8.94
1780980747,65882,3284147,0,49.8,0.40,7.85,8.45
1780980807,65942,3287138,0,49.8,0.40,7.84,8.57
1780980867,66002,3290129,0,49.8,0.40,7.82,8.19
1780980927,66062,3293120,0,49.8,0.40,7.89,8.96
1780980987,66122,3296111,0,49.8,0.40,7.93,8.96
1780981047,66182,3299102,0,49.8,0.39,7.98,8.59
1780981107,66242,3302093,0,49.8,0.39,7.88,8.28
1780981167,66302,3305084,0,49.8,0.40,7.88,8.42
1780981227,66362,3308075,0,49.8,0.41,7.98,8.84
1780981287,66422,3311066,0,49.8,0.41,7.93,8.84
1780981347,66482,3314057,0,49.8,0.41,7.97,8.85
1780981407,66542,3317048,0,49.8,0.41,7.96,8.85
1780981467,66602,3320039,0,49.8,0.41,7.89,8.45
1780981527,66662,3323030,0,49.8,0.40,7.96,8.54
1780981587,66722,3326021,0,49.8,0.38,7.87,8.79
1780981647,66782,3329012,0,49.8,0.42,7.91,8.40
1780981707,66842,3332003,0,49.8,0.41,7.93,8.71
1780981767,66902,3334994,0,49.8,0.39,7.95,8.71
1780981827,66962,3337985,0,49.8,0.41,7.96,8.45
1780981887,67022,3340976,0,49.8,0.41,7.89,8.35
1780981947,67082,3343967,0,49.8,0.42,7.90,8.31
1780982007,67142,3346958,0,49.8,0.39,7.86,8.47
1780982067,67202,3349949,0,49.8,0.38,7.94,8.47
1780982127,67262,3352940,0,49.8,0.40,7.95,8.68
1780982187,67322,3355931,0,49.8,0.41,7.88,8.64
1780982247,67382,3358922,0,49.8,0.39,7.89,8.76
1780982307,67442,3361913,0,49.8,0.40,7.85,8.22
1780982367,67502,3364904,0,49.8,0.40,7.85,8.27
1780982427,67562,3367895,0,49.8,0.41,7.87,8.69
1780982487,67622,3370886,0,49.8,0.40,7.85,8.69
1780982547,67682,3373877,0,49.8,0.41,7.88,8.51
1780982607,67742,3376868,0,49.8,0.39,7.92,8.51
1780982667,67802,3379859,0,49.8,0.41,7.94,8.81
1780982727,67862,3382850,0,49.8,0.42,7.96,8.73
1780982787,67922,3385841,0,49.8,0.42,7.97,8.70
1780982847,67982,3388832,0,49.8,0.38,7.87,8.47
1780982907,68042,3391823,0,49.8,0.40,7.91,8.55
1780982967,68102,3394814,0,49.8,0.42,7.92,8.70
1780983027,68162,3397805,0,49.8,0.41,7.88,8.47
1780983087,68222,3400796,0,49.8,0.39,7.82,8.41
1780983147,68282,3403787,0,49.8,0.38,7.79,8.38
1780983207,68342,3406778,0,49.8,0.40,7.94,8.34
1780983267,68402,3409769,0,49.8,0.41,7.96,8.88
1780983327,68462,3412760,0,49.8,0.41,7.99,8.88
1780983387,68522,3415751,0,49.8,0.38,7.83,8.60
1780983447,68582,3418742,0,49.8,0.40,7.82,8.60
1780983507,68642,3421733,0,49.8,0.41,7.85,8.70
1780983567,68702,3424724,0,49.8,0.41,7.90,8.24
1780983627,68762,3427715,0,49.8,0.39,7.77,8.90
1780983687,68822,3430706,0,49.8,0.39,7.75,8.90
1780983747,68882,3433697,0,49.8,0.37,7.79,8.95
1780983807,68942,3436688,0,49.8,0.42,8.02,8.95
1780983867,69002,3439679,0,49.8,0.41,7.94,8.76
1780983927,69062,3442670,0,49.8,0.41,7.91,8.21
1780983987,69122,3445661,0,49.8,0.39,7.80,8.60
1780984047,69182,3448652,0,49.8,0.40,7.76,8.60
1780984107,69242,3451643,0,49.8,0.40,7.79,8.83
1780984167,69302,3454634,0,49.8,0.41,7.86,8.83
1780984227,69362,3457625,0,49.8,0.42,8.03,8.96
1780984287,69422,3460616,0,49.8,0.43,7.94,8.52
1780984347,69482,3463607,0,49.8,0.42,7.86,8.25
1780984407,69542,3466598,0,49.8,0.41,7.84,8.25
1780984467,69602,3469589,0,49.8,0.40,7.86,8.75
1780984527,69662,3472580,0,49.8,0.41,7.92,8.58
1780984587,69722,3475571,0,49.8,0.40,7.89,8.30
1780984647,69782,3478562,0,49.8,0.40,7.87,8.37
1780984707,69842,3481553,0,49.8,0.40,7.91,8.60
1780984767,69902,3484544,0,49.8,0.41,7.90,8.25
1780984827,69962,3487535,0,49.8,0.42,8.06,8.51
1780984887,70022,3490526,0,49.8,0.43,8.05,8.44
1780984947,70082,3493517,0,49.8,0.42,7.91,8.22
1780985007,70142,3496508,0,49.8,0.39,7.82,8.26
1780985067,70202,3499499,0,49.8,0.41,7.88,8.77
1780985127,70262,3502490,0,49.8,0.42,7.92,8.77
1780985187,70322,3505481,0,49.8,0.41,7.86,8.60
1780985247,70382,3508472,0,49.8,0.42,8.01,8.92
1780985307,70442,3511463,0,49.8,0.43,8.11,9.04
1780985367,70502,3514454,0,49.8,0.42,8.03,8.72
1780985427,70562,3517445,0,49.8,0.39,7.94,8.35
1780985487,70622,3520436,0,49.8,0.40,7.88,8.64
1780985547,70682,3523427,0,49.8,0.42,7.86,8.18
1780985607,70742,3526418,0,49.8,0.42,7.92,8.45
1780985667,70802,3529409,0,49.8,0.42,7.97,8.71
1780985727,70862,3532400,0,49.8,0.42,7.90,8.43
1780985787,70922,3535391,0,49.8,0.41,7.83,8.16
1780985847,70982,3538382,0,49.8,0.41,7.90,8.23
1780985907,71042,3541373,0,49.8,0.40,7.88,8.34
1780985967,71102,3544364,0,49.8,0.41,7.95,8.55
1780986027,71162,3547355,0,49.8,0.41,7.97,8.55
1780986087,71222,3550346,0,49.8,0.42,7.96,8.51
1780986147,71282,3553337,0,49.8,0.43,7.99,8.68
1780986207,71342,3556328,0,49.8,0.43,7.96,8.68
1780986267,71402,3559319,0,49.8,0.42,7.94,8.89
1780986327,71462,3562310,0,49.8,0.43,7.96,8.89
1780986387,71522,3565301,0,49.8,0.40,7.95,8.41
1780986447,71582,3568292,0,49.8,0.42,7.93,8.44
1780986507,71642,3571283,0,49.8,0.42,7.94,8.44
1780986567,71702,3574274,0,49.8,0.40,7.99,8.50
1780986627,71762,3577265,0,49.8,0.41,7.92,8.50
1780986687,71822,3580256,0,49.8,0.40,7.87,8.45
1780986747,71882,3583247,0,49.8,0.39,7.87,8.48
1780986807,71942,3586238,0,49.8,0.40,7.90,8.61
1780986867,72002,3589229,0,49.8,0.41,7.86,8.61
1780986927,72062,3592220,0,49.8,0.41,7.87,8.31
1780986987,72122,3595211,0,49.8,0.41,7.86,8.28
1780987047,72182,3598202,0,49.8,0.42,7.90,8.60
1780987107,72242,3601193,0,49.8,0.41,7.90,8.45
1780987167,72302,3604184,0,49.8,0.41,7.94,9.05
1780987227,72362,3607175,0,49.8,0.41,7.97,8.46
1780987287,72422,3610166,0,49.8,0.39,7.89,8.75
1780987347,72482,3613157,0,49.8,0.39,7.91,8.99
1780987407,72542,3616148,0,49.8,0.40,7.85,8.34
1780987467,72602,3619139,0,49.8,0.41,7.84,8.48
1780987527,72662,3622130,0,49.8,0.41,7.84,8.58
1780987587,72722,3625121,0,49.8,0.39,7.87,8.58
1780987647,72782,3628112,0,49.8,0.41,7.92,8.53
1780987707,72842,3631103,0,49.8,0.41,7.94,8.29
1780987767,72902,3634094,0,49.8,0.41,7.93,8.74
1780987827,72962,3637085,0,49.8,0.43,8.02,8.74
1780987887,73022,3640076,0,49.8,0.42,7.97,8.51
1780987947,73082,3643067,0,49.8,0.41,7.91,8.34
1780988007,73142,3646058,0,49.8,0.43,7.94,8.45
1780988067,73202,3649049,0,49.8,0.42,7.96,8.76
1780988127,73262,3652040,0,49.8,0.42,8.01,8.77
1780988187,73322,3655031,0,49.8,0.39,7.95,8.52
1780988247,73382,3658022,0,49.8,0.40,7.88,8.66
1780988307,73442,3661013,0,49.8,0.41,7.90,8.89
1780988367,73502,3664004,0,49.8,0.41,7.93,8.36
1780988427,73562,3666995,0,49.8,0.40,7.95,8.49
1780988487,73622,3669986,0,49.8,0.40,7.87,8.49
1780988547,73682,3672977,0,49.8,0.38,7.84,8.66
1780988607,73742,3675968,0,49.8,0.41,7.89,8.66
1780988667,73802,3678959,0,49.8,0.40,7.94,8.41
1780988727,73862,3681950,0,49.8,0.40,8.01,8.60
1780988787,73922,3684941,0,49.8,0.41,7.96,8.55
1780988847,73982,3687932,0,49.8,0.41,7.93,8.63
1780988907,74042,3690923,0,49.8,0.43,7.97,9.06
1780988967,74102,3693914,0,49.8,0.42,7.90,9.06
1780989027,74162,3696905,0,49.8,0.41,7.94,8.42
1780989087,74222,3699896,0,49.8,0.40,7.89,8.34
1780989147,74282,3702887,0,49.8,0.42,8.00,8.47
1780989207,74342,3705878,0,49.8,0.42,7.97,8.62
1780989267,74402,3708869,0,49.8,0.41,7.94,8.55
1780989327,74462,3711860,0,49.8,0.41,7.89,8.45
1780989387,74522,3714851,0,49.8,0.41,7.88,8.45
1780989447,74582,3717842,0,49.8,0.39,7.84,8.31
1780989507,74642,3720833,0,49.8,0.40,7.83,8.79
1780989567,74702,3723824,0,49.8,0.41,7.85,8.26
1780989627,74762,3726815,0,49.8,0.39,7.87,8.61
1780989687,74822,3729806,0,49.8,0.40,7.88,8.96
1780989747,74882,3732797,0,49.8,0.40,7.89,8.85
1780989807,74942,3735788,0,49.8,0.40,7.86,8.72
1780989867,75002,3738779,0,49.8,0.41,7.91,8.72
1780989927,75063,3741770,0,49.8,0.41,7.85,8.45
1780989987,75123,3744761,0,49.8,0.41,7.92,8.45
1780990047,75183,3747752,0,49.8,0.41,7.92,8.68
1780990107,75243,3750743,0,49.8,0.42,7.90,8.68
1780990167,75303,3753734,0,49.8,0.41,7.86,8.33
1780990227,75363,3756725,0,49.8,0.41,7.89,8.52
1780990287,75423,3759716,0,49.8,0.41,7.82,8.34
1780990347,75483,3762707,0,49.8,0.42,7.86,8.19
1780990407,75543,3765698,0,49.8,0.41,7.93,8.30
1780990467,75603,3768689,0,49.8,0.41,7.87,8.60
1780990527,75663,3771680,0,49.8,0.41,7.85,8.54
1780990587,75723,3774671,0,49.8,0.40,7.86,8.36
1780990647,75783,3777662,0,49.8,0.40,7.86,8.36
1780990707,75843,3780653,0,49.8,0.40,7.86,8.32
1780990767,75903,3783644,0,49.8,0.40,8.42,8.83
1780990827,75963,3786635,0,49.8,0.41,8.44,9.01
1780990887,76023,3789626,0,49.8,0.41,7.92,9.01
1780990947,76083,3792617,0,49.8,0.41,7.83,8.63
1780991007,76143,3795608,0,49.8,0.41,7.84,8.21
1780991067,76203,3798599,0,49.8,0.40,7.90,8.45
1780991127,76263,3801590,0,49.8,0.41,7.90,8.47
1780991187,76323,3804581,0,49.8,0.41,7.88,8.87
1780991247,76383,3807572,0,49.8,0.42,7.89,8.77
1780991307,76443,3810563,0,49.8,0.41,7.86,8.92
1780991367,76503,3813554,0,49.8,0.40,7.86,8.42
1780991427,76563,3816545,0,49.8,0.38,7.87,8.85
1780991487,76623,3819536,0,49.8,0.41,7.92,8.52
1780991547,76683,3822527,0,49.8,0.41,7.87,8.28
1780991607,76743,3825518,0,49.8,0.41,7.82,8.20
1780991667,76803,3828509,0,49.8,0.40,7.85,8.62
1780991727,76863,3831500,0,49.8,0.41,7.86,8.62
1780991787,76923,3834491,0,49.8,0.41,7.84,8.12
1780991847,76983,3837482,0,49.8,0.41,7.86,8.73
1780991907,77043,3840473,0,49.8,0.42,7.89,8.59
1780991967,77103,3843464,0,49.8,0.40,7.88,8.18
1780992027,77163,3846455,0,49.8,0.40,7.98,8.51
1780992087,77223,3849446,0,49.8,0.41,7.99,8.56
1780992147,77283,3852437,0,49.8,0.40,7.94,8.42
1780992207,77343,3855428,0,49.8,0.41,7.93,8.34
1780992267,77403,3858419,0,49.8,0.42,7.94,8.83
1780992327,77463,3861410,0,49.8,0.41,7.99,8.97
1780992387,77523,3864401,0,49.8,0.42,7.93,8.53
1780992447,77583,3867392,0,49.8,0.42,7.97,8.53
1780992507,77643,3870383,0,49.8,0.41,7.96,8.59
1780992567,77703,3873374,0,49.8,0.41,7.93,8.23
1780992627,77763,3876365,0,49.8,0.41,8.00,8.35
1780992687,77823,3879356,0,49.8,0.40,7.98,8.35
1780992747,77883,3882347,0,49.8,0.40,7.96,8.33
1780992807,77943,3885338,0,49.8,0.39,7.92,8.71
1780992867,78003,3888329,0,49.8,0.41,7.96,8.71
1780992927,78063,3891320,0,49.8,0.41,7.93,8.58
1780992987,78123,3894311,0,49.8,0.41,7.86,8.27
1780993047,78183,3897302,0,49.8,0.40,7.80,8.26
1780993107,78243,3900293,0,49.8,0.41,7.86,8.35
1780993167,78303,3903284,0,49.8,0.41,7.75,8.35
1780993227,78363,3906275,0,49.8,0.39,7.72,8.30
1780993287,78423,3909266,0,49.8,0.40,7.76,8.18
1780993347,78483,3912257,0,49.8,0.40,7.80,8.24
1780993407,78543,3915248,0,49.8,0.37,7.80,8.73
1780993467,78603,3918239,0,49.8,0.37,7.77,8.51
1780993527,78663,3921230,0,49.8,0.40,7.77,8.24
1780993587,78723,3924221,0,49.8,0.40,7.81,8.39
1780993647,78783,3927212,0,49.8,0.41,7.80,8.68
1780993707,78843,3930203,0,49.8,0.40,7.80,8.68
1780993767,78903,3933194,0,49.8,0.41,7.82,8.25
1780993827,78963,3936185,0,49.8,0.40,7.86,8.47
1780993887,79023,3939176,0,49.8,0.40,7.83,8.24
1780993947,79083,3942167,0,49.8,0.40,7.83,8.66
1780994007,79143,3945158,0,49.8,0.40,7.79,8.66
1780994067,79203,3948149,0,49.8,0.41,7.77,8.12
1780994127,79263,3951140,0,49.8,0.38,7.77,8.31
1780994187,79323,3954131,0,49.8,0.39,7.77,8.64
1780994247,79383,3957122,0,49.8,0.41,7.82,8.33
1780994307,79443,3960113,0,49.8,0.41,7.84,8.52
1780994367,79503,3963104,0,49.8,0.41,7.87,8.52
1780994427,79563,3966095,0,49.8,0.41,7.81,8.70
1780994487,79623,3969086,0,49.8,0.41,7.80,8.70
1780994547,79683,3972078,0,49.8,0.39,7.74,8.15
1780994607,79743,3975069,0,49.8,0.39,7.85,8.34
1780994667,79803,3978060,0,49.8,0.39,7.85,8.40
1780994727,79863,3981051,0,49.8,0.40,7.85,8.40
1780994787,79923,3984042,0,49.8,0.39,7.87,8.37
1780994847,79983,3987034,0,49.8,0.37,7.81,8.73
1780994907,80043,3990025,0,49.8,0.37,7.81,8.16
1780994967,80103,3993016,0,49.8,0.39,7.82,8.25
1780995027,80163,3996007,0,49.8,0.40,7.88,8.72
1780995087,80223,3998998,0,49.8,0.41,7.93,8.41
1780995147,80283,4001989,0,49.8,0.40,7.86,8.29
1780995207,80343,4004980,0,49.8,0.39,7.85,8.39
1780995267,80403,4007971,0,49.8,0.41,7.83,8.39
1780995327,80463,4010962,0,49.8,0.39,7.81,8.15
1780995387,80523,4013953,0,49.8,0.39,7.84,8.68
1780995447,80583,4016944,0,49.8,0.38,7.86,8.78
1780995507,80643,4019935,0,49.8,0.39,7.83,8.20
1780995567,80703,4022926,0,49.8,0.40,7.83,8.20
1780995627,80763,4025917,0,49.8,0.40,7.90,8.58
1780995687,80823,4028908,0,49.8,0.41,7.84,8.57
1780995747,80883,4031899,0,49.8,0.42,7.91,9.82
1780995807,80943,4034890,0,49.8,0.40,7.93,9.82
1780995867,81003,4037881,0,49.8,0.41,7.93,8.27
1780995927,81063,4040872,0,49.8,0.42,7.89,8.32
1780995987,81123,4043863,0,49.8,0.43,7.89,8.73
1780996047,81183,4046854,0,49.8,0.40,7.93,8.73
1780996107,81243,4049845,0,49.8,0.39,7.89,8.36
1780996167,81303,4052836,0,49.8,0.42,7.86,8.26
1780996227,81363,4055827,0,49.8,0.41,7.88,8.58
1780996287,81423,4058819,0,49.8,0.41,7.81,8.37
1780996347,81483,4061810,0,49.8,0.40,7.85,8.62
1780996407,81543,4064801,0,49.8,0.38,7.81,8.71
1780996467,81603,4067792,0,49.8,0.39,7.84,8.46
1780996527,81663,4070783,0,49.8,0.41,7.87,8.77
1780996587,81723,4073774,0,49.8,0.40,7.85,8.62
1780996647,81783,4076765,0,49.8,0.41,7.83,8.81
1780996707,81843,4079756,0,49.8,0.40,7.84,8.81
1780996767,81903,4082747,0,49.8,0.39,7.82,8.27
1780996827,81963,4085738,0,49.8,0.40,7.82,8.31
1780996887,82023,4088729,0,49.8,0.39,7.80,8.31
1780996947,82083,4091720,0,49.8,0.39,7.80,8.23
1780997007,82143,4094711,0,49.8,0.41,7.89,8.72
1780997067,82203,4097702,0,49.8,0.40,7.90,8.32
1780997127,82263,4100693,0,49.8,0.40,7.86,8.51
1780997187,82323,4103684,0,49.8,0.39,7.81,8.57
1780997247,82383,4106675,0,49.8,0.38,7.85,8.67
1780997307,82443,4109666,0,49.8,0.40,7.86,8.67
1780997367,82503,4112657,0,49.8,0.41,7.85,8.38
1780997427,82563,4115648,0,49.8,0.39,7.87,8.65
1780997487,82623,4118639,0,49.8,0.40,7.82,8.70
1780997547,82683,4121630,0,49.8,0.39,7.82,8.70
1780997607,82743,4124621,0,49.8,0.40,7.83,8.53
1780997667,82803,4127613,0,49.8,0.40,7.81,8.31
1780997727,82863,4130604,0,49.8,0.40,7.84,8.31
1780997787,82923,4133595,0,49.8,0.41,7.81,8.35
1780997847,82983,4136586,0,49.8,0.41,7.78,8.32
1780997907,83043,4139577,0,49.8,0.41,7.77,8.49
1780997967,83103,4142568,0,49.8,0.41,7.84,8.49
1780998027,83163,4145559,0,49.8,0.41,7.88,8.17
1780998087,83223,4148550,0,49.8,0.39,7.78,8.11
1780998147,83283,4151541,0,49.8,0.39,7.82,9.06
1780998207,83343,4154532,0,49.8,0.41,7.83,9.06
1780998267,83403,4157523,0,49.8,0.41,7.83,8.21
1780998327,83463,4160514,0,49.8,0.40,7.82,8.22
1780998387,83523,4163505,0,49.8,0.39,7.83,8.23
1780998447,83583,4166496,0,49.8,0.40,7.86,8.23
1780998507,83643,4169487,0,49.8,0.40,7.84,8.53
1780998567,83703,4172478,0,49.8,0.40,7.85,8.66
1780998627,83763,4175469,0,49.8,0.41,7.83,8.20
1780998687,83823,4178460,0,49.8,0.38,7.79,8.17
1780998747,83883,4181451,0,49.8,0.37,7.86,8.39
1780998807,83943,4184442,0,49.8,0.39,7.88,8.39
1780998867,84003,4187433,0,49.8,0.39,7.82,8.25
1780998927,84063,4190424,0,49.8,0.39,7.86,8.71
1780998987,84123,4193415,0,49.8,0.42,7.91,8.28
1780999047,84183,4196406,0,49.8,0.40,7.84,8.35
1780999107,84243,4199397,0,49.8,0.40,7.87,8.65
1780999167,84303,4202388,0,49.8,0.41,7.85,8.47
1780999227,84363,4205379,0,49.8,0.40,7.95,8.47
1780999287,84423,4208370,0,49.8,0.41,7.95,8.52
1780999347,84483,4211361,0,49.8,0.41,7.89,8.44
1780999407,84543,4214352,0,49.8,0.41,7.92,8.53
1780999467,84603,4217343,0,49.8,0.42,7.94,8.76
1780999527,84663,4220334,0,49.8,0.42,7.93,8.32
1780999587,84723,4223325,0,49.8,0.41,8.00,8.63
1780999647,84783,4226316,0,49.8,0.44,8.02,8.44
1780999707,84843,4229307,0,49.8,0.43,7.98,8.34
1780999767,84903,4232298,0,49.8,0.43,7.93,8.33
1780999827,84963,4235289,0,49.8,0.41,7.94,8.47
1780999887,85023,4238280,0,49.8,0.39,7.89,8.27
1780999947,85083,4241271,0,49.8,0.40,7.82,8.25
1781000007,85143,4244262,0,49.8,0.39,7.79,8.25
1781000067,85203,4247253,0,49.8,0.40,7.83,8.42
1781000127,85263,4250244,0,49.8,0.41,7.88,8.42
1781000187,85323,4253235,0,49.8,0.42,7.89,8.25
1781000247,85383,4256226,0,49.8,0.41,7.91,8.27
1781000307,85443,4259217,0,49.8,0.41,7.86,8.27
1781000367,85503,4262208,0,49.8,0.40,7.82,8.16
1781000427,85563,4265199,0,49.8,0.38,7.79,8.36
1781000487,85623,4268190,0,49.8,0.40,7.94,8.45
1781000547,85683,4271181,0,49.8,0.40,8.00,8.37
1781000607,85743,4274172,0,49.8,0.44,7.96,8.59
1781000667,85803,4277163,0,49.8,0.42,7.91,8.31
1781000727,85863,4280154,0,49.8,0.42,7.96,8.41
1781000787,85923,4283145,0,49.8,0.39,7.90,8.23
1781000847,85983,4286136,0,49.8,0.40,7.90,8.29
1781000907,86043,4289127,0,49.8,0.42,7.90,8.61
1781000967,86103,4292118,0,49.8,0.42,7.92,8.61
1781001027,86163,4295109,0,49.8,0.42,7.97,8.49
1781001087,86223,4298100,0,49.8,0.39,7.92,8.84
1781001147,86283,4301091,0,49.8,0.41,7.87,8.25
1781001207,86343,4304082,0,49.8,0.41,7.94,8.27
